frequency,monetary,last_order_date,recency,review_score,cluster
1,403.81000000000006,2017-10-06 11:03:53,376,4.0,0
1,95.11,2017-10-30 21:01:41,351,4.0,0
1,75.42,2017-11-14 19:11:32,336,4.0,0
1,148.06,2017-06-27 16:29:50,477,3.0,2
1,58.62,2018-02-07 16:32:15,252,3.0,0
1,64.42,2017-02-13 16:15:18,611,5.0,4
1,403.79999999999995,2018-07-07 09:21:43,102,5.0,0
1,50.959999999999994,2018-04-28 10:07:38,172,5.0,0
1,175.64,2017-07-24 21:41:53,449,4.0,4
1,82.7,2017-07-30 11:24:01,444,5.0,4
1,27.77,2017-07-17 22:29:36,456,5.0,4
1,94.43,2018-04-08 11:23:06,192,5.0,0
1,42.76,2018-07-16 15:53:49,93,5.0,0
1,238.69,2017-12-11 17:06:20,310,5.0,0
1,44.6,2017-05-16 17:21:14,519,5.0,4
2,108.38,2018-07-13 10:56:30,96,5.0,3
1,133.1,2018-05-04 11:28:12,166,4.0,0
1,568.3,2018-01-22 11:29:42,268,4.0,1
2,392.53999999999996,2018-01-27 18:47:46,262,5.0,3
1,228.62,2018-01-24 11:49:08,266,5.0,0
1,146.54,2018-05-30 11:23:09,140,1.0,2
1,375.26,2018-01-28 11:43:37,262,5.0,0
1,63.019999999999996,2018-07-16 15:00:42,93,3.0,0
1,1224.1,2017-06-27 15:39:38,477,5.0,1
1,98.09,2018-03-19 23:28:31,211,4.0,0
2,344.09,2017-09-12 14:29:16,400,3.0,3
1,174.96,2018-03-28 09:09:21,203,4.0,0
1,177.44,2018-03-25 17:23:39,206,4.0,0
2,56.0,2018-01-30 22:23:38,259,3.0,3
1,85.24,2018-01-15 10:45:12,275,4.0,0
1,40.97,2018-08-07 12:10:21,71,5.0,0
1,57.29,2018-04-05 11:22:30,195,5.0,0
1,159.75,2018-06-03 11:22:06,136,5.0,0
1,42.769999999999996,2018-04-06 22:42:39,193,1.0,2
1,132.72000000000003,2017-10-25 18:31:28,356,4.0,0
1,43.22,2018-03-15 01:09:39,216,5.0,0
1,25.39,2018-07-07 23:41:08,101,5.0,0
1,309.89000000000004,2018-06-11 01:11:02,128,5.0,0
1,73.71000000000001,2018-06-15 14:39:03,124,2.0,2
1,106.29,2017-08-30 08:58:36,413,5.0,0
1,45.3,2018-08-02 12:21:24,76,1.0,2
1,84.99,2017-01-27 14:24:28,628,5.0,4
1,61.94,2018-03-29 11:34:59,202,5.0,0
1,174.04000000000002,2018-02-06 17:41:41,252,3.0,0
1,99.7,2017-11-25 17:11:40,326,1.0,2
1,25.75,2018-03-03 21:20:15,227,3.0,0
1,91.86000000000001,2018-02-06 17:02:06,253,5.0,0
1,137.99,2017-08-22 12:05:19,421,5.0,0
1,315.75,2018-01-21 17:40:10,268,5.0,0
1,157.56,2018-01-31 00:09:23,259,1.0,2
1,145.69,2018-06-29 11:04:42,110,5.0,0
1,190.37,2017-10-15 20:26:51,366,5.0,0
1,317.01,2017-01-27 17:16:40,628,1.0,2
1,65.22,2018-05-15 21:45:43,154,5.0,0
1,76.51,2018-07-19 11:29:25,90,4.0,0
1,206.61,2017-02-05 22:32:10,618,5.0,4
1,31.33,2018-07-08 18:27:36,100,5.0,0
1,55.78,2018-02-04 23:40:54,254,5.0,0
1,154.69,2017-08-30 08:45:27,413,4.0,0
1,151.39,2018-06-14 02:20:11,125,5.0,0
1,36.22,2018-03-24 18:40:55,206,5.0,0
1,268.99,2017-06-18 23:47:30,485,3.0,2
1,32.9,2017-11-21 09:24:21,330,5.0,0
1,135.84,2017-05-29 15:48:13,506,3.0,2
1,545.13,2017-08-18 23:09:46,424,5.0,1
1,107.78999999999999,2018-07-08 15:46:48,101,5.0,0
1,159.21,2018-02-21 10:59:41,238,4.0,0
1,152.16,2017-08-23 13:58:50,420,5.0,0
1,40.239999999999995,2018-06-18 20:16:30,120,5.0,0
1,75.25,2018-03-20 23:00:24,210,5.0,0
1,68.96000000000001,2018-08-16 19:14:58,61,5.0,0
1,171.44,2017-11-07 19:30:41,343,4.0,0
1,105.28,2017-08-08 10:23:10,435,4.0,0
1,33.129999999999995,2018-03-12 14:18:38,219,5.0,0
1,45.62,2017-11-13 10:06:33,338,1.0,2
1,40.77,2017-07-14 15:51:06,460,3.0,2
1,151.05,2018-08-10 14:19:42,68,5.0,0
1,42.95,2017-05-05 12:54:05,530,5.0,4
1,106.87,2017-08-03 08:45:54,440,5.0,4
1,22.14,2018-07-02 15:00:22,107,5.0,0
1,32.33,2018-07-23 18:33:22,85,5.0,0
1,143.92000000000002,2017-05-10 22:08:52,524,5.0,4
1,113.71,2017-07-29 22:37:12,444,3.0,2
1,55.09,2018-01-08 17:30:42,281,5.0,0
1,347.96999999999997,2017-05-31 11:15:03,504,5.0,4
1,180.5,2018-03-22 09:15:32,209,1.0,2
1,31.22,2018-06-17 19:54:47,121,5.0,0
1,56.379999999999995,2017-11-06 14:25:23,345,5.0,0
1,69.36,2018-07-28 21:03:38,80,5.0,0
1,227.34,2018-07-02 13:16:53,107,5.0,0
1,328.67,2017-07-03 14:52:37,471,5.0,4
1,132.03,2017-12-11 19:10:48,309,5.0,0
1,69.31,2018-04-16 19:50:42,183,4.0,0
1,53.68,2017-11-30 20:01:11,320,4.0,0
1,162.86,2017-06-07 10:04:14,497,4.0,4
1,147.09,2018-08-07 21:37:09,70,5.0,0
1,69.33,2018-02-13 12:30:17,246,1.0,2
1,111.21000000000001,2017-02-28 17:37:35,595,3.0,2
1,34.0,2018-03-01 22:46:34,229,1.0,2
1,199.58,2017-08-10 20:02:42,432,5.0,4
1,137.99,2017-10-05 20:09:56,376,2.0,2
1,79.52000000000001,2017-02-07 17:16:39,617,5.0,4
1,132.48,2018-04-16 14:22:34,184,4.0,0
1,113.09,2018-03-18 12:30:47,213,5.0,0
1,145.56,2017-10-12 06:57:17,370,4.0,0
1,284.13,2017-11-29 12:24:41,322,1.0,2
2,269.49,2018-05-21 19:51:55,148,5.0,3
1,125.42,2017-05-09 15:59:45,526,5.0,4
1,758.25,2018-05-23 18:30:11,146,1.0,2
1,162.51,2018-05-02 10:23:08,168,5.0,0
1,0.0,2017-03-03 23:49:03,592,1.0,2
1,110.77000000000001,2017-05-15 11:40:08,520,5.0,4
1,83.75999999999999,2018-08-02 22:01:27,75,5.0,0
1,40.269999999999996,2018-08-17 19:54:45,60,5.0,0
1,97.87,2017-09-12 16:01:18,400,5.0,0
1,72.14,2017-08-09 14:38:26,434,4.0,0
1,171.22,2018-03-16 14:39:56,215,1.0,2
1,122.37,2018-01-18 20:30:36,271,4.0,0
1,66.07,2018-06-14 11:29:22,125,5.0,0
1,14.89,2018-08-28 18:49:20,49,5.0,0
1,261.82,2017-02-08 11:04:56,616,5.0,4
1,76.08,2017-12-12 14:32:00,309,5.0,0
1,90.47999999999999,2017-11-27 10:00:21,324,1.0,2
1,770.24,2017-03-14 17:33:28,581,1.0,1
1,159.13,2018-07-18 17:09:11,91,5.0,0
1,43.33,2017-12-05 19:00:57,315,5.0,0
1,52.839999999999996,2018-08-16 14:46:01,62,5.0,0
1,203.23000000000002,2018-07-06 10:37:32,103,5.0,0
1,639.6,2018-03-28 07:34:42,203,5.0,1
1,1031.69,2017-12-11 19:39:39,309,5.0,1
1,98.53999999999999,2018-02-23 13:36:08,236,5.0,0
1,758.93,2017-05-21 08:05:33,514,5.0,1
1,113.03,2017-05-16 00:46:45,519,5.0,4
1,103.39,2018-04-24 20:17:34,175,5.0,0
1,72.25,2018-03-17 08:55:25,214,5.0,0
1,30.68,2017-03-05 22:11:02,590,5.0,4
1,145.48000000000002,2017-03-13 11:06:50,583,3.0,2
1,323.96,2017-11-29 11:03:39,322,5.0,0
1,153.02,2018-08-12 16:11:49,66,4.0,0
1,62.44,2017-11-25 18:24:33,325,5.0,0
1,76.78,2018-02-19 20:52:08,239,5.0,0
1,66.78,2017-08-16 14:25:28,427,5.0,4
1,179.84,2018-01-23 19:35:43,266,5.0,0
1,69.97,2018-05-05 18:11:08,164,5.0,0
1,119.3,2017-08-19 14:52:19,424,5.0,0
1,116.57,2018-05-07 15:03:20,163,1.0,2
1,99.42999999999999,2018-01-23 17:07:10,267,1.0,2
1,38.129999999999995,2018-05-16 12:11:24,154,5.0,0
1,73.15,2018-02-20 15:27:42,239,5.0,0
1,197.99,2018-03-19 08:48:09,212,5.0,0
1,89.28,2017-11-06 02:08:11,345,5.0,0
1,41.17,2017-05-29 21:09:38,505,5.0,4
1,192.22,2018-03-10 10:09:30,221,5.0,0
1,70.16,2018-04-09 17:26:21,191,4.0,0
1,116.46000000000001,2018-04-20 15:12:39,180,2.0,2
1,171.61,2017-11-15 20:19:20,335,3.0,0
1,129.92000000000002,2018-01-11 00:08:09,279,5.0,0
1,67.44,2018-08-10 15:19:58,68,5.0,0
1,104.37,2017-11-13 15:41:29,338,5.0,0
1,52.790000000000006,2018-01-04 22:45:07,285,5.0,0
1,137.85000000000002,2017-12-20 19:20:25,300,1.0,2
1,59.79,2018-01-23 15:30:59,267,5.0,0
1,242.54,2017-11-11 19:03:58,339,5.0,0
1,74.69999999999999,2018-07-09 16:51:25,100,4.0,0
1,82.59,2018-06-21 21:10:39,117,5.0,0
1,79.72,2018-03-26 05:31:56,205,4.0,0
1,65.87,2018-04-20 11:16:37,180,5.0,0
1,59.14,2017-11-24 22:38:00,326,5.0,0
1,159.45000000000002,2018-05-06 12:52:59,164,5.0,0
1,117.85000000000001,2017-11-21 08:25:55,330,4.0,0
1,24.0,2018-02-20 14:36:42,239,4.0,0
1,174.4,2018-02-27 21:57:30,231,5.0,0
1,212.99,2018-01-12 21:44:42,277,5.0,0
1,327.8,2017-03-11 17:51:25,584,5.0,4
1,102.64,2018-01-14 20:48:36,275,5.0,0
1,253.79000000000002,2017-07-12 10:36:01,462,5.0,4
1,34.71,2017-04-30 22:28:03,534,5.0,4
1,88.89999999999999,2018-03-19 19:37:39,211,3.0,0
1,196.0,2017-10-13 14:30:14,369,5.0,0
1,305.78000000000003,2017-04-24 22:28:44,540,4.0,4
1,66.28999999999999,2017-07-15 19:39:32,458,1.0,2
1,700.3,2018-06-10 10:53:06,129,4.0,1
1,38.89,2017-11-24 23:00:33,326,4.0,0
1,92.9,2018-05-14 17:20:48,156,5.0,0
1,201.75,2018-04-24 15:17:51,176,4.0,0
1,81.78,2017-04-26 22:15:06,538,5.0,4
1,158.01,2018-07-30 18:34:42,78,5.0,0
1,134.21,2018-04-09 23:17:14,190,5.0,0
1,130.26,2018-01-07 16:31:00,283,5.0,0
1,116.63,2017-09-15 19:40:15,396,4.0,0
1,60.0,2018-02-15 19:46:04,243,1.0,2
1,110.39999999999999,2017-11-13 20:35:48,337,5.0,0
1,114.78999999999999,2017-04-02 22:06:05,562,5.0,4
1,135.07999999999998,2017-10-02 14:57:03,380,4.0,0
1,256.5,2018-02-10 18:21:51,248,5.0,0
1,82.25,2018-08-17 15:11:21,61,5.0,0
1,118.24000000000001,2017-05-16 23:52:28,518,5.0,4
1,205.08999999999997,2018-04-01 23:33:42,198,2.0,2
1,358.53,2017-02-16 23:30:56,607,1.0,2
1,243.4,2017-11-24 16:45:54,327,5.0,0
1,217.64000000000001,2017-05-08 14:35:48,527,5.0,4
1,93.66000000000001,2017-11-18 23:03:56,332,5.0,0
1,107.78,2018-04-22 12:19:34,178,5.0,0
1,43.85,2017-11-30 13:29:07,321,5.0,0
1,50.76,2018-06-13 08:32:11,126,5.0,0
1,172.24,2017-11-20 18:19:04,330,1.0,2
1,288.32,2017-11-24 23:52:05,326,4.0,0
1,51.129999999999995,2018-06-05 15:54:44,134,5.0,0
1,57.53,2017-10-14 13:11:09,368,5.0,0
1,42.51,2017-03-06 15:45:35,590,5.0,4
1,31.130000000000003,2018-08-12 23:34:08,65,4.0,0
1,78.66,2018-07-30 23:22:22,78,5.0,0
1,198.58,2018-08-13 14:12:39,65,3.0,0
1,382.74,2018-07-24 19:52:02,84,5.0,0
1,128.6,2017-07-11 13:52:55,463,5.0,4
1,105.32,2018-07-24 14:03:52,85,5.0,0
1,54.0,2018-07-03 12:39:04,106,5.0,0
1,138.91,2017-05-11 08:39:53,524,5.0,4
1,0.0,2018-05-25 19:17:35,144,5.0,0
1,571.81,2018-03-19 14:48:23,212,3.0,1
1,113.89,2018-08-12 11:29:37,66,5.0,0
1,605.7,2017-01-30 14:07:53,625,4.0,1
1,127.11000000000001,2017-10-18 15:14:16,364,4.0,0
1,51.14,2018-02-20 15:50:52,239,5.0,0
1,100.53,2018-02-02 12:56:51,257,1.0,2
1,32.379999999999995,2018-05-29 14:51:00,141,3.0,0
1,49.839999999999996,2017-05-23 20:19:03,511,5.0,4
1,144.86,2017-12-17 17:54:00,303,5.0,0
1,22.33,2017-10-13 10:47:11,369,4.0,0
2,63.629999999999995,2017-11-28 12:46:41,323,5.0,3
1,53.269999999999996,2017-11-24 22:46:29,326,1.0,2
1,55.18,2017-09-20 16:58:40,392,1.0,2
1,163.92,2018-04-03 09:02:42,197,1.0,2
1,194.17000000000002,2017-02-08 08:09:51,616,5.0,4
1,153.47,2018-02-19 16:43:47,240,3.0,0
1,320.11,2017-10-15 13:01:43,367,5.0,0
1,44.989999999999995,2018-06-15 20:38:21,123,5.0,0
1,250.42000000000002,2018-03-01 09:16:26,230,5.0,0
1,168.20000000000002,2017-09-20 11:54:05,392,5.0,0
1,58.45,2018-06-11 16:26:48,128,4.0,0
1,53.79,2017-06-19 10:46:23,485,4.0,4
1,679.43,2017-02-13 10:20:42,611,4.0,1
1,64.67999999999999,2017-06-05 15:53:14,499,2.0,2
1,23.78,2017-12-26 13:38:48,295,5.0,0
1,75.08,2017-11-29 21:54:38,321,3.0,0
1,265.49,2017-07-12 12:45:56,462,5.0,4
1,79.38,2018-04-04 08:15:39,196,1.0,2
1,36.0,2018-01-16 16:45:04,274,5.0,0
1,22.5,2018-05-11 06:51:50,159,5.0,0
1,63.62,2018-02-03 08:34:52,256,4.0,0
1,43.28,2018-05-18 15:03:19,152,5.0,0
1,108.12,2018-08-16 22:18:07,61,4.0,0
1,134.71,2018-05-14 09:14:57,156,3.0,0
1,102.26,2018-01-08 17:18:36,282,4.0,0
1,119.19,2018-08-07 18:18:47,70,5.0,0
1,101.74,2018-03-06 13:51:22,225,5.0,0
1,28.130000000000003,2018-05-14 12:53:23,156,5.0,0
1,67.17999999999999,2018-08-27 08:56:49,51,5.0,0
1,73.06,2018-06-21 16:28:08,118,4.0,0
1,1240.85,2017-08-29 20:25:15,413,5.0,1
1,132.36,2018-03-15 22:12:35,215,4.0,0
1,92.13,2017-04-26 09:30:33,539,5.0,4
1,102.74,2018-03-16 07:38:09,215,4.0,0
1,77.16,2017-04-15 12:12:15,550,4.0,4
1,48.78,2018-07-19 17:43:55,89,5.0,0
1,77.37,2018-03-16 13:16:45,215,1.0,2
1,25.5,2017-11-26 20:12:17,324,4.0,0
1,230.25,2017-07-24 23:28:12,449,1.0,2
1,177.66,2018-08-13 16:39:08,65,5.0,0
1,40.51,2017-02-06 11:06:15,618,4.0,4
1,25.23,2018-07-23 12:18:41,86,5.0,0
1,454.8,2017-02-02 15:08:04,622,5.0,4
1,47.6,2018-02-14 09:52:07,245,3.0,0
1,217.15,2017-10-13 13:20:09,369,4.0,0
1,138.8,2018-05-28 17:57:07,141,4.0,0
1,57.29,2018-04-05 10:05:54,195,5.0,0
1,119.64,2018-08-17 19:54:09,60,3.0,0
1,157.4,2017-03-25 22:15:25,570,3.0,2
1,67.44,2018-08-02 19:45:57,75,3.0,0
1,131.44,2017-10-03 09:49:10,379,5.0,0
1,126.2,2017-07-28 16:38:35,446,5.0,4
1,152.87,2018-07-24 12:42:16,85,5.0,0
1,73.47,2017-09-25 20:06:47,386,4.0,0
1,107.3,2018-04-05 15:29:27,195,5.0,0
1,86.02000000000001,2018-02-26 16:51:20,233,4.0,0
1,16.29,2018-06-25 20:40:37,113,5.0,0
1,993.55,2018-07-16 13:30:06,93,3.0,1
1,161.37,2017-05-13 20:05:21,521,4.0,4
1,62.480000000000004,2017-12-10 00:49:25,311,5.0,0
1,102.03,2017-06-23 10:32:48,481,5.0,4
1,162.55,2017-07-26 13:30:24,448,5.0,4
2,254.51999999999998,2018-03-08 19:22:48,222,2.5,3
1,120.97,2017-04-02 14:39:00,563,5.0,4
1,192.23,2018-03-24 08:12:51,207,5.0,0
1,247.11,2017-10-14 09:38:15,368,4.0,0
1,96.8,2017-09-25 22:13:40,386,5.0,0
1,152.88,2018-08-14 22:32:04,63,5.0,0
1,37.72,2017-12-07 16:25:37,314,5.0,0
1,42.589999999999996,2017-12-05 10:36:01,316,4.0,0
1,52.68,2017-09-30 22:45:32,381,5.0,0
1,111.93,2018-06-02 14:19:39,137,5.0,0
2,435.14,2018-04-27 17:43:13,172,5.0,3
1,33.93,2018-08-22 20:38:11,55,5.0,0
1,122.17,2017-07-23 19:11:15,450,5.0,4
1,45.78,2018-06-29 12:10:47,110,5.0,0
1,87.64,2018-02-20 17:23:36,239,3.0,0
1,525.61,2017-04-20 13:47:11,545,5.0,1
1,43.14,2017-11-17 00:08:29,334,1.0,2
1,160.57000000000002,2017-10-26 13:25:03,356,3.0,0
1,35.0,2018-01-26 23:08:56,263,5.0,0
1,128.08,2017-11-21 12:27:02,330,3.0,0
1,188.41,2018-07-29 23:34:51,79,5.0,0
1,92.72999999999999,2018-08-07 00:20:34,71,2.0,2
1,106.21000000000001,2018-02-04 19:46:01,254,5.0,0
1,34.8,2018-01-11 20:33:22,278,5.0,0
1,48.69,2017-08-27 19:30:59,415,1.0,2
1,92.57,2017-10-31 12:58:38,351,4.0,0
1,68.43,2018-08-22 14:18:49,56,5.0,0
1,188.34,2017-12-04 16:26:31,317,5.0,0
1,159.13,2017-03-15 19:42:03,580,5.0,4
1,60.86,2016-10-08 04:01:53,739,5.0,4
1,30.060000000000002,2018-07-24 01:02:45,85,5.0,0
1,36.68,2017-07-20 18:56:25,453,5.0,4
1,27.77,2017-07-20 22:18:41,453,5.0,4
1,174.33,2017-07-20 11:33:01,454,4.0,4
1,257.94,2018-04-30 14:20:33,170,5.0,0
1,61.589999999999996,2018-01-12 13:57:13,278,5.0,0
1,184.77,2017-07-19 17:46:36,454,5.0,4
1,25.67,2018-03-26 11:11:06,205,5.0,0
1,99.44,2017-10-13 11:46:19,369,3.0,0
1,127.63,2017-08-30 01:51:30,413,4.0,0
1,82.33000000000001,2018-04-01 20:29:00,198,5.0,0
1,91.21000000000001,2018-06-20 18:33:57,118,5.0,0
1,122.98,2017-12-18 21:18:08,302,5.0,0
1,339.37,2017-08-30 12:35:15,413,2.0,2
1,91.6,2017-03-27 21:56:21,568,5.0,4
1,192.61,2017-12-05 20:47:52,315,3.0,0
1,51.0,2017-05-10 09:42:14,525,4.0,4
1,98.25999999999999,2018-01-21 09:03:17,269,5.0,0
1,75.36,2017-10-05 13:56:51,377,5.0,0
1,124.18,2017-03-18 22:02:18,577,4.0,4
1,101.61999999999999,2018-01-26 14:26:58,264,4.0,0
1,154.3,2017-05-09 09:22:58,526,5.0,4
1,42.69,2018-01-02 21:19:25,287,5.0,0
1,98.18,2017-07-26 17:36:36,447,1.0,2
1,66.6,2017-10-05 14:43:43,377,2.0,2
1,162.65,2017-11-19 13:57:09,332,5.0,0
1,48.63,2018-03-11 21:33:18,219,5.0,0
1,66.63,2018-01-29 19:33:28,260,3.0,0
1,195.91,2017-08-31 19:28:56,411,5.0,4
1,0.0,2017-03-15 13:20:25,581,1.0,2
1,48.08,2018-03-03 17:46:08,227,5.0,0
1,136.05,2017-05-09 23:48:07,525,4.0,4
1,375.3,2017-12-14 16:22:20,307,1.0,2
1,319.05,2018-04-09 14:12:16,191,5.0,0
1,217.06,2018-04-11 17:10:09,189,5.0,0
1,66.73,2017-11-21 15:19:25,330,5.0,0
1,32.43,2018-07-20 02:27:56,89,4.0,0
1,139.69,2017-01-23 13:55:30,632,5.0,4
1,31.189999999999998,2018-01-09 23:01:33,280,5.0,0
1,532.77,2017-07-14 14:20:03,460,5.0,1
1,76.66,2017-12-08 22:16:35,312,5.0,0
1,58.79,2018-02-20 18:49:15,238,5.0,0
1,153.99,2017-07-26 13:39:14,448,1.0,2
1,32.47,2017-05-24 23:23:56,510,5.0,4
1,61.89,2017-09-11 15:15:42,401,5.0,0
1,80.10000000000001,2017-06-27 11:54:38,477,1.0,2
1,232.19,2018-08-13 08:53:29,65,5.0,0
1,196.92000000000002,2017-06-08 13:59:17,496,5.0,4
1,209.21,2018-02-17 09:17:56,242,5.0,0
1,69.71,2017-11-07 16:17:08,344,5.0,0
1,243.58,2018-07-29 12:22:05,80,5.0,0
1,150.61,2017-11-27 16:07:04,324,5.0,0
1,66.87,2018-03-16 20:42:29,214,1.0,2
1,85.15,2017-02-07 10:26:05,617,4.0,4
1,96.77,2018-08-25 11:58:19,53,4.0,0
1,237.32,2017-08-31 13:55:59,412,1.0,2
1,199.52,2017-08-09 22:23:30,433,5.0,4
1,97.26,2018-07-19 21:42:21,89,4.0,0
1,80.37,2018-05-02 21:32:35,167,5.0,0
1,0.0,2017-06-20 17:53:16,483,1.0,2
1,31.27,2017-11-22 14:16:50,329,5.0,0
1,179.86,2018-06-01 13:30:13,138,4.0,0
1,34.089999999999996,2018-02-01 10:28:21,258,5.0,0
1,112.22999999999999,2017-06-13 11:34:47,491,5.0,4
1,262.58,2017-11-21 22:03:24,329,1.0,2
1,378.90999999999997,2017-12-21 20:55:24,299,4.0,0
1,51.31,2018-07-21 08:38:30,88,5.0,0
1,66.42,2018-07-29 11:15:05,80,5.0,0
1,61.01,2018-01-24 19:00:08,265,5.0,0
1,372.16,2017-07-25 13:31:54,449,3.0,2
1,252.66,2018-03-03 14:42:08,228,5.0,0
1,518.72,2017-10-14 20:53:48,367,3.0,2
1,249.07999999999998,2017-11-24 16:20:38,327,1.0,2
2,112.00999999999999,2017-12-27 21:34:00,293,5.0,3
1,54.33,2017-10-31 18:53:11,350,5.0,0
1,83.47,2018-07-02 23:30:46,106,4.0,0
1,109.0,2018-02-19 11:58:03,240,5.0,0
1,25.41,2018-08-05 21:20:07,72,4.0,0
1,1388.3,2018-04-06 17:20:33,194,5.0,1
1,344.97,2018-07-26 14:00:33,83,4.0,0
1,198.4,2017-12-12 13:30:32,309,5.0,0
1,188.94,2018-02-16 15:45:03,243,4.0,0
1,342.09000000000003,2017-10-18 17:20:25,364,1.0,2
1,190.45,2018-01-20 21:20:55,269,1.0,2
1,21.240000000000002,2017-04-04 05:57:10,561,5.0,4
1,52.97,2018-03-01 14:08:33,230,5.0,0
1,285.63,2018-03-01 11:31:23,230,1.0,2
1,135.13,2018-08-20 14:25:47,58,1.0,2
1,34.66,2017-05-22 18:07:53,512,5.0,4
1,139.09,2017-12-30 15:37:54,291,5.0,0
1,98.52,2018-03-13 13:23:05,218,5.0,0
1,400.9,2017-12-07 09:58:05,314,5.0,0
1,102.93,2018-06-21 22:22:28,117,5.0,0
1,136.11,2018-01-13 22:50:18,276,5.0,0
1,99.92,2017-06-27 10:36:44,477,1.0,2
1,97.99,2017-03-04 13:47:57,592,5.0,4
1,42.38,2018-03-14 22:12:44,216,5.0,0
1,147.26,2018-02-28 16:11:52,231,3.0,0
1,0.0,2017-11-30 16:45:27,321,1.0,2
1,580.0699999999999,2017-05-30 03:02:05,505,5.0,1
1,68.43,2018-06-22 13:52:43,117,5.0,0
1,712.8900000000001,2018-08-19 19:09:43,58,4.0,1
1,91.78999999999999,2017-05-19 00:00:56,516,5.0,4
1,138.41,2018-04-14 18:14:02,185,5.0,0
1,46.01,2018-03-02 00:27:52,229,1.0,2
1,350.56000000000006,2017-11-27 11:09:04,324,1.0,2
1,86.19999999999999,2017-11-16 12:29:37,335,5.0,0
1,140.94,2017-09-14 22:29:52,397,2.0,2
1,129.19,2018-06-27 16:40:01,112,5.0,0
1,135.62,2018-07-26 03:55:07,83,5.0,0
1,75.08,2017-11-09 17:16:38,342,4.0,0
1,22.990000000000002,2017-02-14 23:11:02,609,5.0,4
1,102.64,2018-01-21 14:20:21,269,4.0,0
1,115.36000000000001,2018-01-17 18:36:41,272,5.0,0
1,155.44,2017-10-31 17:54:25,350,5.0,0
1,73.34,2017-10-20 18:33:27,361,4.0,0
1,47.84,2017-12-10 15:27:40,311,4.0,0
1,153.1,2017-05-03 11:24:08,532,4.0,4
1,36.69,2017-11-28 22:03:07,322,5.0,0
1,82.61,2017-07-25 23:08:43,448,5.0,4
1,48.01,2017-08-20 18:59:30,422,5.0,4
1,43.53,2017-10-01 14:58:35,381,4.0,0
1,321.58,2017-11-19 21:17:05,331,5.0,0
1,355.08,2017-07-16 11:48:22,458,1.0,2
1,271.43,2017-08-08 18:35:02,434,4.0,2
1,70.82,2017-07-18 19:49:49,455,5.0,4
1,50.53,2018-01-01 22:12:41,288,5.0,0
1,158.8,2018-07-23 17:03:40,86,5.0,0
1,64.17,2018-02-26 20:32:26,232,5.0,0
1,122.69,2018-04-18 14:29:17,182,4.0,0
1,77.72,2017-08-09 16:19:43,434,4.0,0
1,1272.76,2018-04-21 13:32:20,179,5.0,1
1,127.86000000000001,2016-10-06 12:22:07,741,4.0,4
1,78.91,2017-04-07 13:27:27,558,4.0,4
1,140.07999999999998,2017-10-03 12:44:33,379,4.0,0
1,568.61,2017-02-07 17:03:30,617,4.0,1
1,109.73,2018-08-24 17:53:18,53,3.0,0
1,70.72,2017-09-27 18:16:33,384,5.0,0
1,202.15,2018-05-30 13:42:45,140,2.0,2
1,114.36,2018-05-31 10:27:56,139,5.0,0
1,79.24,2018-06-27 19:21:26,111,5.0,0
1,306.79,2018-02-04 10:12:29,255,5.0,0
1,623.68,2018-02-12 17:14:14,247,5.0,1
1,216.07,2017-09-07 13:44:33,405,5.0,4
1,64.03,2018-05-02 21:56:21,167,4.0,0
1,0.0,2018-05-21 13:48:16,149,2.0,2
1,56.69,2017-05-16 18:26:57,518,5.0,4
1,158.07,2018-06-27 00:55:41,112,5.0,0
1,86.93,2018-05-09 09:52:59,161,4.0,0
1,96.16,2018-07-04 12:34:13,105,5.0,0
1,107.10000000000001,2018-02-14 14:37:42,245,1.0,2
1,50.0,2017-10-10 19:07:55,371,1.0,2
1,88.19999999999999,2017-03-06 14:16:20,590,1.0,2
1,28.09,2017-11-24 15:52:35,327,5.0,0
1,254.09,2017-04-26 10:38:41,539,3.0,2
1,87.17,2017-08-28 09:18:28,415,4.0,0
1,286.17,2018-06-11 21:14:29,127,3.0,0
1,3256.14,2018-06-07 13:53:52,132,1.0,1
1,128.5,2018-05-19 23:33:33,150,1.0,2
1,131.62,2018-03-28 14:17:43,203,5.0,0
1,387.8,2017-06-17 14:39:09,487,4.0,2
1,41.14,2018-01-15 09:47:18,275,5.0,0
1,48.01,2017-06-21 13:13:52,483,5.0,4
1,81.51,2018-07-26 10:10:10,83,3.0,0
1,29.09,2018-01-02 10:49:29,288,5.0,0
1,228.16,2018-04-20 16:08:37,180,5.0,0
1,197.58,2018-08-20 12:24:40,58,3.0,0
1,95.58,2016-10-05 07:31:49,742,1.0,2
1,86.02000000000001,2018-01-05 20:02:56,284,5.0,0
1,35.839999999999996,2018-07-03 21:55:37,105,5.0,0
1,126.92,2017-06-24 00:58:39,480,1.0,2
1,33.86,2017-04-01 19:53:54,563,1.0,2
1,88.54,2018-07-16 12:01:52,93,5.0,0
1,63.1,2018-01-06 22:47:57,283,3.0,0
1,75.22,2018-04-05 13:50:28,195,4.0,0
3,622.56,2018-07-24 20:45:16,84,4.666666666666667,3
1,131.73,2018-01-29 11:08:33,261,4.0,0
1,39.0,2017-11-10 16:21:05,341,4.0,0
1,273.21999999999997,2017-10-22 10:52:38,360,4.0,0
1,309.5,2018-01-08 14:24:20,282,4.0,0
1,1626.65,2018-06-25 11:05:44,114,5.0,1
1,152.62,2018-06-21 15:45:52,118,5.0,0
1,54.519999999999996,2017-03-04 16:52:43,592,4.0,4
1,158.45,2018-05-02 20:48:52,167,5.0,0
1,64.47,2018-08-14 12:16:41,64,4.0,0
1,193.51,2017-09-04 12:43:57,408,5.0,4
1,37.05,2017-05-22 15:34:53,513,3.0,2
1,147.15,2017-10-13 21:08:03,368,5.0,0
1,112.94,2018-01-16 19:08:12,273,5.0,0
1,172.25,2017-11-18 20:09:29,332,3.0,0
1,75.17,2017-10-19 22:59:03,362,5.0,0
1,84.07,2018-04-15 15:08:11,185,5.0,0
1,168.37,2017-07-10 22:17:20,463,4.0,4
1,183.69,2017-09-14 15:26:14,398,4.0,0
1,147.64000000000001,2017-04-13 12:05:51,552,5.0,4
1,190.01,2018-02-03 00:27:29,256,5.0,0
1,175.77,2018-01-18 22:48:53,271,5.0,0
1,113.26,2018-06-30 19:07:30,108,5.0,0
1,271.38,2017-07-20 17:33:31,453,3.0,2
1,29.46,2017-10-06 16:33:14,376,5.0,0
1,161.54999999999998,2018-01-14 11:50:59,276,5.0,0
1,193.80999999999997,2018-07-29 08:04:43,80,4.0,0
1,42.69,2017-12-12 15:23:37,309,5.0,0
1,0.0,2018-07-31 09:55:46,78,1.0,2
1,259.96000000000004,2017-07-01 23:17:58,472,4.0,2
1,44.72,2017-06-14 16:29:40,490,5.0,4
1,116.85000000000001,2018-01-28 19:36:55,261,5.0,0
1,270.84000000000003,2018-06-21 22:43:32,117,5.0,0
1,245.26999999999998,2017-11-28 16:07:11,323,5.0,0
1,78.4,2018-05-15 19:05:09,154,5.0,0
1,314.96,2018-04-01 22:50:57,198,2.0,2
1,32.75,2018-06-26 23:09:08,112,3.0,0
1,113.71,2017-09-03 09:43:43,409,5.0,0
1,81.72,2017-07-11 20:24:14,462,5.0,4
1,75.55,2018-08-06 23:23:11,71,2.0,2
1,88.28999999999999,2017-05-22 21:53:14,512,5.0,4
1,52.04,2018-06-20 16:28:00,119,3.0,0
2,82.1,2018-08-01 14:13:38,77,4.5,3
2,289.03000000000003,2018-06-19 19:15:12,119,5.0,3
1,78.47,2017-03-14 17:35:44,581,4.0,4
1,103.43,2018-05-14 13:30:14,156,3.0,0
1,217.94,2018-04-01 21:59:43,198,5.0,0
1,43.71,2017-11-16 12:21:23,335,5.0,0
1,70.83,2018-02-01 17:31:00,257,5.0,0
1,46.22,2018-05-02 22:52:54,167,5.0,0
1,459.95,2018-03-18 20:06:59,212,5.0,0
1,77.57,2017-10-09 10:58:34,373,4.0,0
1,96.47,2018-03-14 15:32:34,217,5.0,0
1,142.67000000000002,2018-07-06 19:03:47,102,5.0,0
1,99.42999999999999,2017-12-19 11:25:01,302,5.0,0
1,218.11,2017-08-16 08:58:35,427,5.0,4
1,31.75,2017-10-17 13:37:34,365,5.0,0
1,64.0,2017-12-09 22:28:07,311,4.0,0
1,43.269999999999996,2018-06-22 19:08:21,116,5.0,0
1,184.35,2017-02-21 22:38:15,602,5.0,4
1,22.77,2017-11-24 15:29:38,327,4.0,0
1,111.11000000000001,2018-06-10 20:00:25,128,4.0,0
1,41.69,2017-05-26 18:35:51,508,5.0,4
1,45.089999999999996,2017-06-08 23:58:19,495,4.0,4
1,151.91,2018-05-02 15:38:02,168,4.0,0
1,59.1,2017-06-27 14:37:29,477,5.0,4
1,143.26999999999998,2018-06-05 20:04:09,133,5.0,0
1,216.93,2018-03-18 21:44:18,212,5.0,0
1,93.36,2017-11-02 14:14:52,349,5.0,0
1,256.43,2017-05-24 15:31:18,511,5.0,4
1,76.72,2017-12-08 11:57:49,313,5.0,0
1,78.19999999999999,2018-06-08 21:14:01,130,2.0,2
1,75.07,2017-12-26 17:27:17,295,5.0,0
1,35.36,2018-08-03 21:17:48,74,1.0,2
1,44.0,2017-11-03 10:22:11,348,5.0,0
1,157.55,2018-02-19 09:34:59,240,4.0,0
1,45.61,2018-03-21 12:31:02,210,5.0,0
1,68.02,2017-07-05 20:21:44,468,5.0,4
1,889.9300000000001,2018-04-15 21:41:23,184,5.0,1
1,45.54,2017-08-03 16:29:09,440,5.0,4
1,361.5,2017-02-02 11:58:17,622,5.0,4
1,133.84,2018-07-13 13:19:04,96,5.0,0
1,1117.99,2018-08-21 14:19:34,57,4.0,1
1,64.4,2018-06-18 20:02:49,120,5.0,0
1,279.58,2017-12-01 17:12:58,320,5.0,0
1,84.59,2017-07-21 10:25:35,453,3.0,2
1,65.0,2018-01-11 00:10:48,279,5.0,0
1,150.0,2017-10-02 20:56:44,379,3.0,0
1,294.69,2018-03-03 17:49:10,227,5.0,0
1,23.29,2018-05-24 09:32:10,146,5.0,0
1,255.02,2017-04-16 18:15:04,548,3.0,2
1,52.0,2017-07-29 16:34:54,445,5.0,4
1,149.7,2017-10-12 18:21:03,369,1.0,2
1,71.63,2017-11-16 19:01:12,334,4.0,0
1,92.57,2017-11-07 16:41:36,344,5.0,0
1,307.14,2017-02-08 16:49:29,616,5.0,4
1,84.13000000000001,2018-02-21 20:53:04,237,5.0,0
1,164.12,2018-08-14 20:44:23,63,4.0,0
1,116.26,2018-06-15 15:26:23,124,4.0,0
1,140.3,2017-05-17 11:44:15,518,5.0,4
1,54.129999999999995,2018-06-07 22:38:57,131,2.0,2
1,88.14,2017-11-24 20:42:43,326,4.0,0
1,173.01,2018-06-08 20:50:13,130,4.0,0
1,132.38,2017-04-21 13:14:58,544,5.0,4
1,32.089999999999996,2017-11-16 18:28:32,334,5.0,0
1,86.6,2018-07-18 17:51:09,90,4.0,0
2,73.34,2017-05-07 13:05:14,528,4.0,3
1,91.61,2017-06-05 12:22:19,499,1.0,2
1,47.05,2018-04-19 11:09:39,181,4.0,0
1,311.33,2018-02-03 12:00:03,256,5.0,0
1,181.03,2018-05-11 19:22:03,158,1.0,2
1,33.0,2017-12-23 18:20:38,297,3.0,0
1,2217.99,2017-01-30 13:13:59,625,4.0,1
1,59.47,2018-03-10 00:15:34,221,5.0,0
1,596.95,2018-05-27 17:10:25,143,1.0,2
1,153.49,2018-05-04 11:53:05,166,5.0,0
1,187.70000000000002,2018-04-05 09:48:17,195,4.0,0
1,72.47999999999999,2018-03-02 16:37:22,229,3.0,0
1,195.61,2018-08-16 14:04:21,62,4.0,0
1,231.27,2017-08-15 15:51:52,428,5.0,4
1,47.959999999999994,2018-06-06 10:36:53,133,5.0,0
1,64.78999999999999,2017-12-31 17:42:13,289,5.0,0
1,34.839999999999996,2017-06-20 08:57:13,484,3.0,2
1,307.9,2018-03-17 19:56:53,213,5.0,0
1,51.730000000000004,2017-05-02 06:47:24,533,5.0,4
1,634.83,2017-12-22 09:06:20,299,4.0,1
1,36.79,2017-04-05 22:14:15,559,3.0,2
1,103.83000000000001,2018-06-23 22:38:49,115,5.0,0
1,394.54,2018-05-14 17:15:38,156,5.0,0
1,225.99,2017-07-13 12:15:42,461,5.0,4
1,107.06,2017-09-30 18:54:53,381,5.0,0
1,159.82,2018-01-06 08:46:56,284,5.0,0
1,59.0,2018-01-04 23:01:56,285,5.0,0
1,129.86,2018-07-17 21:05:10,91,5.0,0
1,207.10000000000002,2017-08-23 16:01:02,420,3.0,2
1,102.73,2018-07-31 20:34:58,77,4.0,0
1,45.86,2017-01-20 17:41:58,634,5.0,4
1,326.78,2017-08-06 20:13:47,436,4.0,2
3,342.48,2017-12-04 15:07:10,317,5.0,3
1,103.69,2018-07-19 07:43:33,90,4.0,0
1,721.71,2017-02-14 14:17:39,610,5.0,1
1,52.589999999999996,2017-12-01 01:41:20,320,5.0,0
1,210.36,2017-09-19 18:13:21,392,1.0,2
1,159.65,2018-06-27 10:03:19,112,5.0,0
1,139.37,2017-11-20 11:46:03,331,1.0,2
1,121.27,2017-12-26 11:36:36,295,5.0,0
1,37.62,2017-06-20 09:39:27,484,4.0,4
1,258.05,2017-08-04 17:07:09,439,3.0,2
1,65.22,2018-03-11 16:56:15,220,5.0,0
1,95.7,2017-07-04 21:05:59,469,1.0,2
1,35.14,2018-02-20 10:41:50,239,5.0,0
1,55.09,2018-02-01 11:00:52,258,5.0,0
1,52.01,2017-12-09 14:52:02,312,5.0,0
1,25.04,2018-04-09 10:20:40,191,3.0,0
1,114.77000000000001,2017-02-04 19:01:27,619,3.0,2
1,777.6800000000001,2018-05-22 22:36:54,147,3.0,1
1,113.15,2017-11-22 08:11:52,329,3.0,0
1,194.12,2018-02-15 11:59:37,244,3.0,0
1,82.98,2018-01-15 21:50:36,274,5.0,0
1,50.22,2018-04-16 11:16:54,184,3.0,0
1,330.65999999999997,2017-08-04 10:08:27,439,5.0,4
1,64.62,2018-06-21 18:40:03,117,5.0,0
1,64.0,2017-12-20 14:04:26,301,4.0,0
1,59.34,2017-09-12 15:19:05,400,5.0,0
2,629.46,2018-02-05 16:12:45,254,5.0,3
1,175.52,2017-10-16 11:39:13,366,5.0,0
1,82.87,2017-03-04 08:14:46,592,3.0,2
1,436.92,2018-03-26 08:46:49,205,5.0,0
1,47.129999999999995,2018-05-29 11:10:29,141,5.0,0
1,58.61,2018-04-10 15:53:39,190,3.0,0
1,16.29,2018-04-26 11:32:03,174,3.0,0
1,142.14000000000001,2018-07-20 13:14:25,89,1.0,2
1,137.67,2017-01-26 09:15:18,629,5.0,4
1,35.839999999999996,2018-06-24 17:00:04,115,5.0,0
1,68.89,2017-08-22 16:01:44,421,1.0,2
1,208.8,2017-09-11 14:49:24,401,5.0,4
1,69.06,2018-08-23 15:58:16,55,5.0,0
1,1330.88,2018-05-29 18:10:24,140,5.0,1
1,172.22,2018-02-09 10:33:41,250,4.0,0
1,69.53,2018-07-09 22:51:02,99,3.0,0
1,57.550000000000004,2017-11-29 21:40:21,321,5.0,0
1,57.31,2018-06-20 21:44:28,118,5.0,0
1,105.36999999999999,2017-12-12 17:39:17,308,1.0,2
1,110.09,2017-10-06 08:42:02,376,4.0,0
1,35.0,2017-09-11 19:54:38,400,5.0,0
1,367.2,2017-08-07 03:57:41,436,4.0,2
1,366.19,2018-02-15 20:03:19,243,5.0,0
1,276.2,2018-02-15 11:25:04,244,3.0,0
1,109.02,2017-11-23 08:23:33,328,1.0,2
1,128.82999999999998,2018-02-02 14:20:24,257,4.0,0
1,59.96,2017-04-16 21:09:09,548,5.0,4
1,403.81000000000006,2017-12-06 07:35:30,315,1.0,2
1,234.0,2017-04-25 19:12:43,539,4.0,4
1,30.93,2018-07-08 20:06:55,100,5.0,0
1,216.14000000000001,2017-12-12 13:21:01,309,5.0,0
1,342.39,2018-07-05 09:50:56,104,5.0,0
1,594.55,2018-01-04 11:22:53,286,5.0,1
1,88.47999999999999,2017-11-24 23:03:40,326,5.0,0
1,100.5,2017-08-25 13:46:45,418,4.0,0
1,80.11000000000001,2018-05-16 13:04:22,154,4.0,0
1,114.78999999999999,2017-04-04 21:06:14,560,5.0,4
1,217.27,2018-04-12 09:08:01,188,5.0,0
1,62.3,2018-01-17 14:24:15,273,5.0,0
1,81.32,2018-05-08 14:15:30,162,5.0,0
1,105.39,2016-10-06 17:42:49,740,5.0,4
1,172.84,2018-01-27 08:11:34,263,5.0,0
1,44.089999999999996,2018-02-14 20:06:47,244,4.0,0
1,2092.86,2018-01-24 16:45:34,266,1.0,1
1,189.26,2018-07-01 20:25:18,107,4.0,0
1,76.66,2017-12-05 23:49:53,315,5.0,0
1,44.379999999999995,2017-08-02 21:20:58,440,1.0,2
1,194.48000000000002,2017-12-20 09:59:33,301,5.0,0
1,138.97,2018-07-02 14:43:25,107,4.0,0
1,198.35999999999999,2018-01-26 17:00:10,264,1.0,2
1,263.24,2017-11-07 22:54:11,343,4.0,0
1,91.18,2017-06-06 20:34:53,497,5.0,4
1,257.36,2017-11-03 11:29:00,348,5.0,0
1,90.61999999999999,2018-07-30 19:13:09,78,5.0,0
1,49.0,2017-06-02 11:10:09,502,5.0,4
1,106.06,2017-09-07 15:14:00,405,3.0,0
1,409.78999999999996,2018-02-27 12:55:42,232,4.0,0
1,65.35,2018-07-08 12:01:00,101,5.0,0
1,77.57,2017-10-29 12:19:51,353,1.0,2
1,133.4,2018-07-17 21:07:47,91,5.0,0
1,29.5,2018-02-17 01:19:30,242,5.0,0
1,68.75,2018-03-08 09:42:27,223,3.0,0
1,60.230000000000004,2018-06-08 18:02:21,130,5.0,0
3,760.01,2017-05-02 16:36:02,533,1.6666666666666667,3
1,55.0,2018-03-01 22:34:37,229,5.0,0
1,166.99,2018-05-09 09:11:51,161,4.0,0
1,86.03999999999999,2018-08-22 16:38:15,56,3.0,0
1,313.85999999999996,2018-06-11 21:03:47,127,5.0,0
2,288.82000000000005,2018-06-07 22:32:24,131,5.0,3
1,72.56,2017-09-12 18:00:13,399,5.0,0
1,276.52,2017-12-26 10:46:23,295,5.0,0
1,159.44,2017-10-23 11:34:23,359,3.0,0
1,30.049999999999997,2017-06-22 20:08:45,481,5.0,4
3,335.15,2017-09-11 22:03:59,400,5.0,3
1,33.22,2018-07-29 18:49:38,79,5.0,0
1,136.6,2017-07-08 13:04:15,466,5.0,4
1,95.1,2018-06-19 11:43:09,120,5.0,0
1,106.87,2018-01-09 10:52:42,281,3.0,0
1,44.34,2018-08-20 10:18:24,58,5.0,0
1,32.1,2017-10-22 10:16:10,360,4.0,0
1,120.44,2017-03-22 16:32:56,574,5.0,4
1,63.0,2017-12-01 00:05:39,320,1.0,2
1,279.52,2017-07-11 12:51:03,463,1.0,2
1,76.08,2017-07-11 23:00:54,462,5.0,4
1,50.239999999999995,2018-08-02 18:25:40,75,5.0,0
1,98.16,2018-04-02 22:04:57,197,5.0,0
1,163.21,2018-05-11 13:38:26,159,5.0,0
1,86.44,2018-06-06 14:01:53,133,1.0,2
1,107.46000000000001,2018-05-16 10:33:18,154,5.0,0
1,1155.56,2017-03-03 18:53:17,592,5.0,1
1,34.1,2017-12-07 11:24:51,314,5.0,0
2,682.14,2018-06-11 08:33:53,128,5.0,3
1,27.169999999999998,2018-03-04 12:14:15,227,5.0,0
1,193.4,2017-11-30 22:37:15,320,3.0,0
1,318.40000000000003,2017-11-18 21:14:55,332,4.0,0
1,54.0,2017-08-14 10:48:26,429,5.0,4
1,178.59,2017-12-01 12:48:21,320,5.0,0
1,141.48000000000002,2017-05-19 18:24:16,515,3.0,2
1,106.76,2018-03-13 22:45:45,217,1.0,2
1,175.94,2018-03-08 15:59:33,223,3.0,0
1,50.629999999999995,2017-10-25 00:21:44,357,5.0,0
1,144.58,2017-03-16 16:20:49,580,4.0,4
1,67.23,2018-04-05 13:12:34,195,5.0,0
1,53.7,2018-05-06 18:23:47,163,5.0,0
1,78.1,2017-08-19 22:03:36,423,5.0,4
1,125.18,2018-01-24 21:14:26,265,4.0,0
1,64.14,2017-09-17 10:03:12,395,4.0,0
1,77.57,2017-11-11 23:37:39,339,2.0,2
1,25.509999999999998,2017-01-19 00:08:11,636,4.0,4
1,115.44,2017-12-21 17:01:47,300,5.0,0
1,39.230000000000004,2018-05-14 10:56:56,156,4.0,0
1,99.53,2018-04-28 20:50:26,171,5.0,0
2,346.87,2017-05-23 22:28:36,511,5.0,3
1,234.61,2018-07-20 11:56:12,89,5.0,0
1,78.68,2017-07-04 15:26:25,470,5.0,4
1,146.9,2017-11-23 09:49:45,328,1.0,2
1,101.7,2018-07-15 10:46:26,94,5.0,0
1,117.85000000000001,2018-01-31 10:05:00,259,4.0,0
1,124.27000000000001,2017-11-20 11:27:55,331,5.0,0
1,89.36000000000001,2018-04-02 16:09:38,198,5.0,0
1,91.72,2018-03-19 17:56:17,211,2.0,2
1,190.48000000000002,2018-01-06 14:13:46,284,5.0,0
1,37.769999999999996,2017-04-13 17:14:04,552,5.0,4
1,90.63,2018-07-13 21:01:23,95,4.0,0
1,36.769999999999996,2018-01-11 22:08:59,278,5.0,0
1,68.35,2018-08-13 21:47:23,64,5.0,0
1,107.78,2017-09-03 16:57:48,409,5.0,0
1,45.0,2017-07-27 15:10:24,447,5.0,4
1,130.26,2017-09-14 19:06:30,397,5.0,0
1,78.17,2017-11-27 16:08:04,324,4.0,0
1,63.42,2018-07-12 15:50:38,97,5.0,0
1,186.38,2018-07-13 16:11:46,96,5.0,0
1,45.53,2017-08-11 06:56:07,432,5.0,4
1,128.47,2018-07-29 20:08:41,79,5.0,0
1,274.56,2018-01-05 09:57:09,285,3.0,0
1,102.64,2017-12-05 21:00:17,315,4.0,0
2,118.1,2017-08-21 09:30:56,422,4.5,3
1,145.57999999999998,2018-01-30 19:29:01,259,2.0,2
2,82.19,2017-10-03 20:39:34,378,4.0,3
1,112.28999999999999,2017-06-09 21:06:11,494,5.0,4
1,49.59,2017-09-07 09:51:10,405,5.0,0
1,131.38,2018-08-15 22:45:16,62,5.0,0
1,500.13000000000005,2018-02-09 16:10:27,250,5.0,0
1,242.59,2018-03-15 08:43:41,216,4.0,0
1,95.18,2017-11-24 00:28:24,327,4.0,0
1,112.25,2018-04-14 18:20:05,185,5.0,0
1,104.11999999999999,2017-12-24 23:38:23,296,3.0,0
1,234.19,2018-02-22 22:30:08,236,1.0,2
1,204.66,2018-05-14 13:03:19,156,4.0,0
2,58.39,2018-08-24 17:59:20,53,5.0,3
1,228.94,2018-06-24 09:36:37,115,4.0,0
1,262.6,2018-06-12 10:41:26,127,5.0,0
1,21.48,2017-12-31 06:57:36,290,5.0,0
1,111.02000000000001,2017-11-26 23:06:41,324,3.0,0
1,107.78,2017-06-20 12:29:59,484,1.0,2
1,137.18,2018-01-04 00:12:07,286,3.0,0
1,169.49,2018-01-22 23:09:08,267,4.0,0
1,48.0,2017-05-29 14:25:25,506,5.0,4
1,1093.93,2018-03-05 18:32:23,225,5.0,1
1,36.96,2018-04-21 22:26:20,178,5.0,0
1,304.52,2017-04-10 10:00:25,555,5.0,4
1,65.22,2018-03-13 12:12:22,218,3.0,0
1,56.78,2017-11-24 23:51:56,326,5.0,0
1,200.72,2017-11-15 11:20:30,336,4.0,0
1,211.67000000000002,2017-12-27 09:32:18,294,5.0,0
1,19.07,2017-12-03 15:45:51,318,5.0,0
1,16.96,2017-02-24 15:16:21,600,5.0,4
1,0.0,2017-10-30 14:07:30,352,1.0,2
1,400.65999999999997,2018-08-04 08:55:29,74,5.0,0
1,117.25999999999999,2017-05-11 13:02:04,524,4.0,4
1,86.15,2017-11-11 19:09:17,339,5.0,0
1,534.6899999999999,2017-11-21 16:47:11,330,5.0,1
1,224.71,2018-02-01 18:42:32,257,1.0,2
1,115.44999999999999,2017-12-05 16:18:17,316,5.0,0
1,181.26,2017-03-23 23:55:55,572,5.0,4
1,62.230000000000004,2018-03-23 13:28:31,208,5.0,0
1,614.8100000000001,2018-05-05 14:39:39,165,5.0,1
1,285.55,2017-10-19 07:57:23,363,2.0,2
2,187.84000000000003,2018-05-02 18:40:32,167,5.0,3
1,355.01,2018-02-20 08:27:37,239,5.0,0
1,90.88000000000001,2017-08-23 19:02:26,419,1.0,2
1,27.85,2018-02-18 08:27:33,241,5.0,0
1,210.36,2018-08-18 21:36:49,59,5.0,0
1,147.15,2018-01-06 16:48:29,284,3.0,0
1,259.15000000000003,2017-03-07 16:02:54,589,5.0,4
1,87.64,2017-12-19 20:13:37,301,5.0,0
1,0.0,2017-12-05 15:25:11,316,1.0,2
1,292.97999999999996,2018-05-16 14:41:48,154,4.0,0
1,72.63,2017-02-12 20:51:15,611,4.0,4
1,163.81,2017-10-17 08:52:14,365,5.0,0
1,34.28,2017-12-01 10:47:44,320,5.0,0
1,147.36,2018-04-17 22:50:15,182,5.0,0
1,163.79,2017-12-27 01:41:50,294,1.0,2
1,87.50999999999999,2018-06-19 11:23:30,120,1.0,2
1,44.05,2018-02-19 11:11:28,240,1.0,2
1,225.71,2017-11-24 15:42:47,327,5.0,0
1,49.09,2017-07-26 15:32:56,448,3.0,2
1,97.39,2017-12-15 12:33:18,306,5.0,0
1,156.33,2017-06-29 21:47:27,474,4.0,4
1,140.0,2017-02-16 11:29:08,608,1.0,2
2,431.97,2017-06-22 22:41:57,481,4.0,3
1,51.79,2017-09-26 23:19:50,385,5.0,0
1,195.39000000000001,2018-05-06 18:50:27,163,5.0,0
1,85.88999999999999,2017-04-19 10:38:27,546,5.0,4
1,46.29,2017-05-18 15:14:03,517,4.0,4
1,199.36,2018-05-12 09:38:36,158,4.0,0
1,64.1,2018-02-04 21:23:54,254,5.0,0
1,107.78999999999999,2018-03-19 09:32:37,212,4.0,0
1,28.619999999999997,2017-12-02 19:37:49,318,5.0,0
2,286.23,2018-03-20 19:22:08,210,3.0,3
1,69.52,2018-02-15 17:05:43,244,1.0,2
1,144.18,2017-11-06 20:41:38,344,1.0,2
1,181.95000000000002,2018-08-14 19:59:07,63,5.0,0
1,38.269999999999996,2017-08-23 16:42:46,420,5.0,4
1,230.25,2017-07-01 20:27:50,472,2.0,2
1,57.230000000000004,2018-04-28 14:00:24,172,5.0,0
1,36.36,2018-04-09 18:20:39,190,4.0,0
1,24.130000000000003,2018-04-29 21:17:37,170,5.0,0
1,131.47,2018-06-15 09:18:33,124,4.0,0
1,148.76,2018-01-09 11:21:46,281,5.0,0
1,231.70000000000002,2018-04-29 20:44:57,170,1.0,2
1,55.550000000000004,2017-02-24 18:23:10,599,5.0,4
1,227.87,2017-12-22 09:50:16,299,3.0,0
1,243.86,2018-06-11 17:16:10,128,4.0,0
1,92.1,2018-01-21 23:36:32,268,1.0,2
1,142.10000000000002,2017-08-17 22:17:09,425,5.0,0
1,63.230000000000004,2018-05-08 09:29:32,162,5.0,0
1,57.94,2017-08-17 05:46:38,426,5.0,4
1,122.99999999999999,2017-09-21 14:27:11,391,5.0,0
1,42.78,2017-08-30 13:51:42,413,4.0,0
1,120.91000000000001,2018-02-14 10:54:51,245,5.0,0
1,334.34000000000003,2017-07-29 21:09:26,444,5.0,4
1,201.92000000000002,2017-04-06 21:02:05,558,4.0,4
1,113.77,2018-07-18 10:22:56,91,3.0,0
1,121.62,2018-07-13 17:04:06,96,4.0,0
1,168.36,2017-11-24 22:00:23,326,4.0,0
1,196.12,2017-05-08 13:22:47,527,2.0,2
1,101.25,2017-05-28 16:39:33,507,5.0,4
1,63.89,2018-08-01 15:50:23,77,5.0,0
1,92.67999999999999,2017-06-28 11:58:51,476,5.0,4
1,126.04,2017-10-25 16:29:45,357,2.0,2
1,85.58,2018-07-18 12:10:39,91,4.0,0
1,76.12,2018-06-09 14:08:25,130,5.0,0
1,102.92,2017-10-06 18:07:40,375,5.0,0
1,25.78,2018-08-08 10:00:35,70,4.0,0
1,178.09,2018-03-19 17:19:47,212,4.0,0
1,223.81,2018-01-03 11:07:45,287,5.0,0
1,139.51999999999998,2018-05-31 14:25:29,139,5.0,0
1,80.33,2018-05-29 09:40:24,141,5.0,0
1,247.85000000000002,2017-11-02 18:04:18,348,3.0,0
1,40.97,2018-08-17 18:15:08,60,5.0,0
1,387.67,2018-01-30 09:55:32,260,5.0,0
1,125.42,2017-08-09 14:55:32,434,5.0,0
1,42.68,2018-02-22 14:54:45,237,3.0,0
1,48.77,2018-05-13 12:19:44,157,5.0,0
1,50.83,2017-08-10 14:46:06,433,5.0,4
1,84.54,2018-08-12 13:21:59,66,5.0,0
1,108.69,2018-01-23 20:43:51,266,3.0,0
1,172.53,2017-11-29 10:40:13,322,5.0,0
1,105.06,2018-05-08 22:56:02,161,5.0,0
1,70.75,2018-06-04 10:08:07,135,3.0,0
1,104.69,2017-11-28 12:08:52,323,5.0,0
1,121.03999999999999,2018-06-23 17:48:33,115,5.0,0
1,186.9,2018-04-08 16:26:49,192,5.0,0
1,78.44,2017-05-03 13:06:02,532,4.0,4
1,89.36000000000001,2018-04-01 10:00:08,199,5.0,0
1,163.44,2018-05-15 21:41:14,154,4.0,0
1,71.38,2018-02-20 21:32:10,238,1.0,2
1,68.22,2018-06-05 17:33:48,133,5.0,0
1,192.98,2018-06-23 21:57:14,115,5.0,0
1,121.68,2018-04-09 13:56:45,191,5.0,0
1,67.5,2017-12-27 12:36:41,294,5.0,0
1,68.43,2018-08-09 15:29:23,69,3.0,0
1,19.86,2017-03-09 23:18:02,586,1.0,2
1,62.78,2018-01-12 12:47:34,278,4.0,0
1,106.84,2017-11-28 14:12:44,323,4.0,0
1,129.68,2017-07-30 17:58:26,443,4.0,0
1,83.78999999999999,2018-08-08 10:25:10,70,5.0,0
1,82.55000000000001,2017-03-02 10:40:35,594,5.0,4
1,35.449999999999996,2018-06-29 22:10:48,109,5.0,0
1,67.14,2018-08-14 17:47:58,63,5.0,0
1,126.46,2017-05-01 15:01:08,534,3.0,2
1,188.18,2018-03-31 01:29:22,200,1.0,2
1,146.26,2017-05-11 10:51:40,524,5.0,4
1,57.06,2018-05-15 15:27:57,155,4.0,0
1,79.00999999999999,2018-05-05 17:11:21,165,3.0,0
1,79.67999999999999,2017-07-23 12:07:30,451,4.0,0
1,34.269999999999996,2017-08-17 09:47:56,426,5.0,4
1,86.15,2017-11-25 09:55:46,326,5.0,0
1,276.08,2017-06-29 19:19:48,474,1.0,2
1,77.57,2017-07-19 23:00:06,454,4.0,0
1,300.36,2018-01-18 18:22:38,271,1.0,2
1,42.769999999999996,2016-10-05 23:14:34,741,5.0,4
1,115.81,2017-07-15 01:33:53,459,4.0,0
1,31.75,2017-10-01 11:46:12,381,4.0,0
1,95.99,2017-09-27 20:32:22,384,1.0,2
1,134.5,2017-11-02 11:19:16,349,5.0,0
1,140.73000000000002,2017-08-19 21:00:35,423,4.0,0
1,27.68,2018-02-04 09:26:07,255,5.0,0
1,189.44,2017-06-06 16:01:30,498,4.0,4
1,50.0,2017-07-19 21:20:27,454,5.0,4
1,50.05,2018-03-23 08:17:36,208,5.0,0
1,1830.12,2017-06-04 21:33:39,499,4.0,1
1,907.86,2018-06-19 09:26:36,120,5.0,1
1,255.44,2017-07-06 12:47:32,468,5.0,4
1,163.06,2018-01-04 14:37:29,286,5.0,0
1,90.28,2017-05-27 23:09:15,507,5.0,4
1,31.38,2017-10-03 19:53:51,378,5.0,0
1,57.72,2017-12-19 19:13:35,301,4.0,0
1,21.68,2018-01-04 13:54:22,286,5.0,0
1,789.04,2017-08-23 21:58:28,419,2.0,1
1,27.77,2017-12-21 13:57:09,300,5.0,0
1,172.97,2018-05-12 20:08:07,157,5.0,0
1,115.15,2018-05-04 17:01:31,166,4.0,0
1,37.129999999999995,2018-07-02 18:29:46,106,4.0,0
1,58.0,2018-01-23 10:32:39,267,1.0,2
1,98.43,2017-11-12 19:11:27,338,5.0,0
1,414.0,2018-03-02 15:27:23,229,5.0,0
1,133.98000000000002,2017-02-24 15:28:22,600,5.0,4
1,169.65,2018-08-16 10:06:46,62,5.0,0
1,318.40000000000003,2017-11-23 05:40:52,328,5.0,0
1,288.79,2018-04-19 09:25:31,181,5.0,0
1,126.86,2018-07-04 21:15:39,104,5.0,0
1,329.45,2018-08-22 22:17:56,55,4.0,0
1,4034.44,2018-06-05 12:45:17,134,5.0,1
1,34.0,2018-01-04 19:19:03,285,5.0,0
1,41.05,2018-03-21 08:05:26,210,1.0,2
1,921.05,2017-11-24 13:19:53,327,3.0,1
1,42.77,2017-08-07 22:57:44,435,4.0,0
1,76.17,2017-11-04 09:51:58,347,4.0,0
1,34.29,2018-04-12 21:13:58,187,5.0,0
1,236.0,2018-01-25 18:09:47,264,3.0,0
1,158.3,2018-01-22 07:15:14,268,1.0,2
1,86.15,2018-01-09 15:07:01,281,5.0,0
1,176.16,2017-11-16 14:08:29,335,3.0,0
1,114.28999999999999,2018-02-21 14:24:19,238,4.0,0
1,73.59,2018-03-10 13:32:03,221,5.0,0
1,66.05,2017-08-31 22:26:00,411,5.0,0
1,135.75,2018-03-25 12:13:41,206,4.0,0
1,171.27,2018-01-22 16:11:37,268,5.0,0
2,370.19000000000005,2017-10-19 10:05:02,363,3.5,3
1,351.46000000000004,2018-04-09 19:07:02,190,3.0,0
1,110.69999999999999,2017-03-05 21:23:38,590,4.0,4
1,239.82999999999998,2018-03-03 14:28:53,228,2.0,2
1,131.18,2017-10-15 12:36:12,367,4.0,0
1,188.94,2018-02-09 19:03:06,249,5.0,0
1,39.44,2018-04-12 19:21:52,187,3.0,0
1,99.23,2016-10-06 19:38:12,740,5.0,4
1,87.83000000000001,2017-03-30 22:38:45,565,5.0,4
1,355.78,2018-07-02 21:20:18,106,5.0,0
1,113.48,2018-05-01 19:11:36,168,5.0,0
1,126.33,2018-01-23 14:31:25,267,5.0,0
1,42.78,2018-05-14 17:00:31,156,3.0,0
1,164.95,2017-11-08 10:35:01,343,3.0,0
1,368.38,2018-04-02 14:31:23,198,5.0,0
1,216.16000000000003,2017-11-14 23:49:39,336,5.0,0
1,101.84,2018-01-10 10:06:40,280,4.0,0
1,379.23,2017-06-10 09:18:32,494,5.0,4
1,310.85,2018-06-20 12:22:43,119,5.0,0
1,114.84,2017-06-08 06:46:17,496,5.0,4
1,128.72,2018-02-09 18:53:04,249,4.0,0
1,43.05,2018-01-19 08:51:26,271,1.0,2
1,121.99,2017-01-30 17:36:05,624,5.0,4
1,88.78,2018-03-08 09:56:08,223,5.0,0
1,296.03,2017-04-05 10:13:32,560,3.0,2
1,88.08999999999999,2017-02-14 20:57:52,609,5.0,4
1,502.14,2017-10-01 18:21:38,380,5.0,1
1,31.33,2018-06-14 21:22:06,124,5.0,0
1,126.9,2018-05-12 12:23:33,158,5.0,0
1,99.65,2018-06-13 12:42:06,126,4.0,0
1,152.24,2018-06-18 19:45:24,120,5.0,0
1,140.91,2017-03-07 09:01:27,589,3.0,2
1,995.6,2018-07-19 12:44:53,90,5.0,1
1,214.41,2018-02-08 12:38:06,251,3.0,0
1,136.05,2017-05-02 13:43:15,533,5.0,4
1,40.0,2017-06-04 17:16:08,500,3.0,2
1,213.81,2018-03-23 23:13:01,207,5.0,0
1,63.1,2017-11-30 10:09:11,321,1.0,2
1,144.82,2018-04-20 16:08:56,180,5.0,0
1,58.11,2017-11-09 10:46:39,342,5.0,0
1,68.62,2018-08-01 20:33:06,76,5.0,0
1,190.28,2018-08-07 15:17:28,71,5.0,0
1,79.98,2017-11-29 15:56:22,322,5.0,0
1,26.27,2018-06-25 17:06:45,114,5.0,0
1,86.14,2017-04-28 09:12:28,537,5.0,4
1,31.23,2018-04-18 13:12:50,182,3.0,0
1,140.32999999999998,2017-12-12 11:56:53,309,4.0,0
1,160.21,2018-08-07 13:07:13,71,5.0,0
1,913.7,2018-02-28 20:01:51,230,1.0,2
1,125.77,2018-01-23 22:22:28,266,5.0,0
1,225.14,2017-04-10 11:58:16,555,5.0,4
1,139.0,2017-08-30 10:13:01,413,1.0,2
1,28.700000000000003,2018-07-03 18:18:28,105,5.0,0
2,148.14,2017-08-06 12:19:52,437,1.25,3
1,138.62,2018-03-20 22:30:20,210,5.0,0
1,366.32000000000005,2018-04-13 17:38:03,186,1.0,2
1,137.13,2017-08-12 22:34:09,430,5.0,0
1,74.51,2018-08-14 10:03:50,64,5.0,0
1,40.089999999999996,2017-09-15 13:47:43,397,3.0,2
1,110.80000000000001,2017-10-09 19:59:32,372,5.0,0
1,71.38,2018-01-07 10:14:42,283,1.0,2
1,79.6,2018-08-19 14:12:37,59,5.0,0
1,19.080000000000002,2018-04-24 20:15:21,175,5.0,0
1,125.65,2018-06-08 23:38:33,130,5.0,0
1,31.91,2017-11-19 16:35:05,332,5.0,0
1,163.98,2018-06-12 08:40:31,127,5.0,0
1,124.7,2018-06-07 15:38:17,132,4.0,0
1,39.59,2017-12-06 22:13:31,314,4.0,0
1,54.82,2017-11-16 23:27:21,334,5.0,0
1,45.7,2018-02-20 16:11:33,239,4.0,0
1,96.43,2018-03-12 04:31:35,219,5.0,0
1,130.93,2018-04-03 18:24:51,196,5.0,0
1,58.230000000000004,2018-05-07 21:12:21,162,5.0,0
1,101.63,2017-07-10 13:56:25,464,5.0,4
1,89.27000000000001,2018-01-06 11:37:12,284,5.0,0
1,360.15999999999997,2018-05-17 21:38:35,152,4.0,0
1,86.15,2017-06-17 13:09:55,487,5.0,4
1,64.89999999999999,2017-07-29 17:58:58,444,5.0,4
1,393.38,2017-07-02 12:18:48,472,5.0,4
2,540.72,2018-05-09 10:54:34,161,3.0,3
1,180.24,2017-05-02 23:15:01,532,5.0,4
1,58.2,2017-10-03 22:01:54,378,5.0,0
1,77.51,2018-08-06 12:54:18,72,5.0,0
1,94.31,2017-09-09 13:58:18,403,4.0,0
1,42.379999999999995,2017-09-30 10:32:16,382,5.0,0
1,46.129999999999995,2018-03-06 12:07:08,225,1.0,2
1,129.78,2018-02-27 19:17:20,231,5.0,0
1,28.990000000000002,2017-11-30 10:22:32,321,4.0,0
1,92.9,2018-05-19 12:27:20,151,5.0,0
1,46.0,2018-02-21 22:06:26,237,2.0,2
1,202.87,2017-11-27 16:39:32,324,4.0,0
1,70.38,2017-06-05 16:49:45,499,5.0,4
1,121.87,2017-11-07 21:29:02,343,3.0,0
1,77.7,2018-02-07 20:57:16,251,5.0,0
1,87.86000000000001,2018-02-01 09:48:31,258,4.0,0
1,55.09,2017-06-05 11:57:43,499,5.0,4
1,106.9,2017-07-15 18:54:14,458,5.0,4
1,191.14,2018-08-08 22:21:23,69,5.0,0
1,78.55000000000001,2018-08-01 22:24:04,76,4.0,0
1,367.19,2017-06-19 23:20:53,484,4.0,2
1,84.7,2018-08-11 22:51:13,66,5.0,0
1,43.98,2017-12-11 12:04:43,310,5.0,0
2,145.48000000000002,2018-07-08 11:51:23,101,5.0,3
1,222.46,2018-08-09 20:34:22,68,1.0,2
1,46.85,2018-02-05 10:50:58,254,5.0,0
1,25.169999999999998,2017-10-31 18:57:56,350,5.0,0
1,325.01,2018-05-29 11:02:05,141,3.0,0
1,104.38,2018-01-26 17:34:32,263,1.0,2
1,31.509999999999998,2017-05-02 13:24:39,533,4.0,4
1,172.04000000000002,2018-08-17 10:15:31,61,5.0,0
1,39.96,2017-03-13 18:14:02,582,5.0,4
1,35.769999999999996,2017-12-08 20:01:45,312,5.0,0
1,73.25,2018-03-20 08:47:49,211,1.0,2
1,65.23,2018-06-24 18:44:40,114,5.0,0
1,43.089999999999996,2017-11-28 20:48:08,322,1.0,2
1,47.42,2017-11-29 15:07:32,322,5.0,0
1,253.23000000000002,2018-08-06 19:21:58,71,1.0,2
1,156.49,2018-05-16 12:41:05,154,5.0,0
1,190.28,2018-06-12 10:48:47,127,4.0,0
1,638.51,2017-06-29 14:11:25,475,2.0,1
1,38.93,2018-06-06 13:59:08,133,5.0,0
1,97.81,2018-02-23 10:53:36,236,4.0,0
1,80.36,2017-02-27 14:39:11,597,2.0,2
1,1181.11,2017-05-09 09:32:59,526,3.0,1
1,68.55,2018-04-07 09:23:37,193,5.0,0
1,61.0,2017-07-25 08:33:30,449,5.0,4
1,69.9,2017-02-22 06:47:45,602,3.0,2
1,68.53999999999999,2017-09-01 18:28:26,410,5.0,0
1,67.36,2018-03-22 09:29:21,209,4.0,0
1,135.07999999999998,2017-11-16 19:37:34,334,5.0,0
1,81.1,2018-06-18 19:25:28,120,4.0,0
1,31.29,2018-05-17 08:35:11,153,5.0,0
1,143.69,2018-04-23 11:36:01,177,4.0,0
1,81.92,2018-05-12 16:00:00,158,5.0,0
1,61.620000000000005,2017-02-06 20:18:17,617,1.0,2
1,286.09,2018-02-28 19:25:05,230,4.0,0
1,161.77,2017-06-11 21:00:35,492,5.0,4
1,129.01,2017-05-25 11:22:02,510,5.0,4
1,51.85,2018-01-14 13:04:46,276,5.0,0
1,170.78,2017-05-14 16:08:22,521,1.0,2
1,38.17,2018-07-28 19:55:38,80,4.0,0
1,87.15,2018-08-03 21:28:57,74,5.0,0
1,959.96,2017-05-18 12:26:29,517,4.0,1
1,151.89,2018-06-10 15:01:09,129,3.0,0
1,45.53,2017-11-24 07:41:15,327,1.0,2
1,32.95,2017-11-26 21:54:41,324,5.0,0
1,144.8,2018-05-17 16:59:15,153,5.0,0
1,168.72,2018-03-28 13:18:35,203,3.0,0
1,131.57,2018-01-07 16:53:39,283,5.0,0
1,110.17,2017-07-22 10:57:18,452,3.0,2
1,235.92,2018-05-08 13:08:38,162,2.0,2
1,181.52,2018-03-17 08:56:12,214,4.0,0
1,42.07,2018-08-25 11:48:35,53,5.0,0
1,135.02,2018-03-12 22:48:43,218,3.0,0
1,118.17,2017-11-07 08:39:21,344,5.0,0
1,269.28000000000003,2018-05-22 05:26:37,148,1.0,2
1,68.17,2017-11-05 23:44:57,345,1.0,2
1,64.00999999999999,2018-01-04 15:14:51,286,3.0,0
1,71.61,2018-06-14 11:12:49,125,5.0,0
1,74.49,2017-04-30 16:22:57,535,5.0,4
1,71.37,2018-07-17 15:30:50,92,5.0,0
1,140.60999999999999,2018-01-25 21:18:59,264,5.0,0
1,137.04,2018-04-23 16:04:21,177,5.0,0
1,130.96,2018-05-29 16:04:49,141,5.0,0
1,63.28,2018-04-03 17:24:44,197,5.0,0
1,177.79999999999998,2018-04-17 11:32:18,183,5.0,0
1,149.39,2018-04-03 18:43:44,196,5.0,0
1,163.91,2017-07-10 18:38:10,463,5.0,4
1,91.18,2017-12-22 15:34:35,299,3.0,0
1,38.129999999999995,2018-03-08 19:25:35,222,1.0,2
1,216.68,2018-02-17 21:41:21,241,3.0,0
1,1989.75,2018-04-09 20:52:13,190,5.0,1
1,567.0,2018-02-23 09:47:10,236,5.0,1
1,501.92,2018-08-10 11:48:43,68,5.0,1
1,111.73,2018-08-16 19:55:53,61,5.0,0
1,89.99000000000001,2018-06-21 00:30:40,118,4.0,0
1,160.81,2017-07-04 10:50:11,470,4.0,4
3,178.55999999999997,2017-09-05 08:40:16,407,3.6666666666666665,3
1,141.41,2018-01-19 07:09:20,271,5.0,0
1,93.82000000000001,2018-05-02 16:42:56,168,5.0,0
1,50.09,2017-07-25 18:12:38,448,4.0,0
1,27.75,2018-02-03 12:29:51,256,3.0,0
1,135.73,2017-02-06 12:20:35,618,5.0,4
1,1334.2800000000002,2017-11-23 23:22:25,327,5.0,1
1,739.49,2017-11-16 20:47:34,334,5.0,1
1,79.62,2017-04-19 17:13:11,546,5.0,4
1,659.41,2016-10-04 16:28:25,743,1.0,1
1,194.44,2018-07-13 21:34:02,95,5.0,0
1,55.18,2018-08-23 20:27:42,54,5.0,0
1,162.51999999999998,2018-07-28 17:52:17,80,5.0,0
1,180.47,2017-11-03 21:08:04,347,5.0,0
1,187.94,2017-06-04 10:29:25,500,4.0,4
1,105.28999999999999,2017-11-24 09:11:25,327,5.0,0
1,181.21,2017-10-24 07:09:48,358,5.0,0
1,116.94,2017-12-01 21:21:44,319,1.0,2
1,56.959999999999994,2018-04-21 17:40:21,178,1.0,2
1,90.88000000000001,2018-01-24 20:56:37,265,3.0,0
1,35.089999999999996,2018-02-06 15:43:43,253,5.0,0
1,29.22,2018-07-24 12:59:07,85,4.0,0
1,92.35,2018-03-25 17:32:47,205,4.0,0
1,85.7,2018-08-13 20:48:30,64,1.0,2
1,105.18,2017-11-03 18:03:26,347,5.0,0
1,68.13,2018-05-20 12:10:07,150,1.0,2
1,46.39,2018-06-19 14:28:13,120,5.0,0
1,365.42999999999995,2018-04-24 15:27:46,176,5.0,0
2,290.43,2018-01-13 10:56:37,277,5.0,3
1,71.05,2018-05-01 16:01:41,169,4.0,0
1,60.7,2018-04-29 12:39:11,171,3.0,0
1,32.78,2018-03-25 20:08:14,205,3.0,0
1,22.24,2018-07-10 10:42:17,99,5.0,0
1,60.0,2017-09-18 10:27:36,394,5.0,0
1,160.57000000000002,2017-10-26 13:07:54,356,4.0,0
1,70.47,2018-04-09 12:41:50,191,5.0,0
1,27.59,2017-03-01 10:56:53,595,5.0,4
1,99.94,2017-12-25 17:02:41,296,3.0,0
1,54.0,2017-09-23 16:40:09,389,5.0,0
1,874.67,2018-04-04 14:09:12,196,4.0,1
1,194.0,2017-07-19 19:46:54,454,5.0,4
1,52.64,2018-03-22 22:52:46,208,2.0,2
1,67.5,2018-02-16 11:46:02,243,2.0,2
1,116.84,2018-01-08 09:35:21,282,5.0,0
1,133.48,2018-01-12 12:29:08,278,5.0,0
1,125.37,2018-03-13 14:55:22,218,5.0,0
1,325.26,2018-06-27 10:15:36,112,5.0,0
1,92.91,2018-04-20 10:24:13,180,5.0,0
1,106.37,2018-01-31 22:53:05,258,5.0,0
1,58.37,2018-08-03 22:16:26,74,5.0,0
1,108.51,2018-06-04 08:10:32,135,5.0,0
1,52.730000000000004,2018-03-08 19:38:25,222,4.0,0
1,87.83,2018-06-04 18:04:12,134,4.0,0
1,123.56,2018-04-10 15:24:04,190,5.0,0
1,62.589999999999996,2018-02-17 18:39:22,241,5.0,0
1,146.04,2018-04-25 15:52:18,175,5.0,0
1,155.15,2017-05-10 18:58:00,524,5.0,4
1,83.57,2018-04-18 00:52:43,182,5.0,0
1,39.26,2018-07-10 16:34:55,99,1.0,2
2,302.03,2018-08-07 09:54:16,71,5.0,3
1,491.97,2017-11-14 09:46:43,337,1.0,2
1,39.089999999999996,2017-11-11 17:22:10,340,5.0,0
1,401.26,2017-11-16 14:55:04,335,1.0,2
1,42.44,2018-01-16 17:18:59,274,5.0,0
2,174.3,2018-02-11 12:28:51,248,5.0,3
1,40.959999999999994,2018-03-16 22:10:55,214,4.0,0
1,116.69,2018-06-28 23:26:41,110,5.0,0
1,20.62,2017-04-28 23:17:03,536,5.0,4
1,256.05,2017-08-30 21:12:28,412,5.0,4
1,82.25,2018-08-25 13:21:23,53,5.0,0
1,68.1,2017-11-02 19:52:30,348,4.0,0
1,56.01,2018-01-03 11:18:09,287,1.0,2
1,244.05,2018-05-08 14:17:22,162,5.0,0
1,115.0,2018-05-11 12:41:47,159,5.0,0
1,1223.6000000000001,2018-07-04 09:52:41,105,5.0,1
1,94.25,2018-02-08 20:36:41,250,5.0,0
1,0.0,2017-09-04 09:44:46,408,1.0,2
1,80.10000000000001,2017-08-10 19:19:48,432,4.0,0
1,43.22,2018-03-17 19:54:30,213,4.0,0
1,249.2,2018-06-25 09:02:57,114,4.0,0
1,1438.23,2017-03-06 20:51:57,589,1.0,1
1,114.06,2018-06-14 19:15:36,124,5.0,0
1,227.69,2018-06-14 20:32:29,124,1.0,2
1,36.839999999999996,2017-12-22 16:44:04,299,5.0,0
1,87.52000000000001,2018-08-23 17:09:58,55,4.0,0
1,55.09,2017-10-06 20:39:24,375,4.0,0
1,79.2,2017-11-25 20:11:31,325,1.0,2
1,72.53,2018-01-21 15:35:37,269,5.0,0
1,278.06,2018-04-11 13:34:57,189,4.0,0
1,331.73,2017-10-05 16:03:24,377,3.0,2
1,147.3,2017-11-24 10:27:33,327,5.0,0
1,84.64,2017-12-14 13:21:34,307,4.0,0
1,89.62,2018-08-24 13:05:30,54,5.0,0
1,240.04,2018-01-12 17:06:53,278,2.0,2
1,339.11,2018-05-19 07:28:01,151,4.0,0
1,43.129999999999995,2018-04-03 15:41:23,197,5.0,0
1,30.0,2017-07-13 11:28:30,461,1.0,2
1,35.76,2018-04-02 18:39:26,197,4.0,0
1,710.34,2018-05-17 21:56:38,152,5.0,1
2,190.93,2017-04-09 19:10:24,555,5.0,3
1,54.59,2018-02-04 19:29:46,254,2.0,2
1,67.5,2018-02-06 10:49:35,253,5.0,0
1,99.46,2018-05-30 16:13:42,140,5.0,0
1,290.68,2018-01-30 11:51:07,260,5.0,0
1,153.01,2017-07-06 19:44:43,467,4.0,4
1,146.71,2017-10-30 20:50:31,351,1.0,2
1,113.77,2018-06-22 14:16:58,117,1.0,2
1,151.37,2018-02-16 19:55:31,242,5.0,0
1,41.849999999999994,2018-07-26 21:55:17,82,5.0,0
1,80.26,2018-01-03 10:06:45,287,5.0,0
1,82.98,2018-01-03 21:00:21,286,4.0,0
1,106.09,2018-03-05 11:23:21,226,3.0,0
1,1246.95,2018-04-17 21:08:59,182,4.0,1
1,26.77,2017-06-28 16:17:39,476,5.0,4
1,150.84,2018-07-01 17:46:04,107,5.0,0
1,220.71,2017-05-04 11:08:52,531,5.0,4
1,72.99,2018-08-21 19:18:15,56,4.0,0
1,466.95000000000005,2017-10-11 12:08:11,371,1.0,2
1,195.93,2017-06-19 12:35:34,485,4.0,4
1,48.08,2018-03-03 17:11:33,228,3.0,0
1,291.36,2017-11-25 23:41:06,325,5.0,0
1,141.73,2018-03-20 19:57:14,210,5.0,0
1,83.45,2018-08-18 22:51:17,59,4.0,0
1,108.19999999999999,2018-04-09 12:58:56,191,3.0,0
1,61.59,2017-06-16 21:56:17,487,5.0,4
1,209.81,2018-02-27 16:18:58,232,3.0,0
1,74.1,2018-06-03 00:27:27,136,5.0,0
1,89.25999999999999,2018-03-29 10:47:24,202,4.0,0
1,61.0,2018-01-19 13:24:46,271,5.0,0
1,20.0,2018-03-06 14:44:08,225,4.0,0
1,124.7,2018-06-06 07:59:36,133,4.0,0
1,98.7,2018-04-27 13:52:12,173,5.0,0
1,55.129999999999995,2018-03-13 11:34:55,218,5.0,0
1,48.96,2017-02-17 22:34:14,606,5.0,4
1,159.86,2017-11-28 23:52:10,322,5.0,0
1,143.12,2018-02-19 22:04:04,239,1.0,2
1,140.45000000000002,2018-07-22 21:48:14,86,5.0,0
1,36.72,2018-03-08 11:11:29,223,5.0,0
1,46.129999999999995,2018-03-19 13:15:31,212,1.0,2
1,77.8,2017-07-31 13:42:08,443,5.0,4
1,67.62,2017-09-09 03:22:19,403,5.0,0
2,104.63999999999999,2018-02-13 18:18:09,245,4.5,3
1,55.239999999999995,2017-10-12 22:46:06,369,5.0,0
1,98.71000000000001,2018-03-07 12:04:58,224,4.0,0
1,61.129999999999995,2018-03-11 10:40:55,220,1.0,2
1,77.57,2017-09-29 00:00:57,383,5.0,0
1,75.08,2017-07-08 12:23:36,466,5.0,4
2,83.17999999999999,2017-12-06 10:09:03,315,4.0,3
1,45.31,2018-03-05 12:31:53,226,1.0,2
1,37.589999999999996,2017-09-15 20:12:37,396,5.0,0
1,25.33,2017-10-30 10:43:56,352,5.0,0
1,133.68,2017-05-06 11:30:56,529,1.0,2
1,50.86,2017-04-28 21:32:25,536,5.0,4
1,142.96,2018-06-24 23:22:22,114,1.0,2
1,165.96,2018-01-06 09:59:00,284,4.0,0
1,174.74,2017-09-19 12:12:23,393,4.0,0
1,58.92,2018-04-17 10:14:25,183,2.0,2
1,90.84,2018-06-29 21:56:38,109,4.0,0
1,0.0,2018-01-15 14:32:42,275,1.0,2
1,163.61,2018-08-02 12:06:56,76,5.0,0
1,79.02,2017-03-22 15:36:16,574,1.0,2
1,367.45,2018-06-23 09:22:38,116,5.0,0
1,55.09,2018-01-12 09:52:54,278,5.0,0
1,68.94,2018-06-25 22:45:23,113,5.0,0
1,139.94,2018-08-18 01:08:45,60,3.0,0
1,413.75,2017-05-11 18:05:18,523,3.0,2
1,214.03,2018-06-13 19:59:05,125,4.0,0
1,83.23,2018-02-12 03:28:04,247,5.0,0
1,207.32000000000002,2017-07-21 20:13:39,452,1.0,2
2,118.0,2017-10-23 22:52:53,358,5.0,3
1,299.85,2017-06-19 19:23:43,484,5.0,4
1,103.55000000000001,2017-11-28 12:13:42,323,3.0,0
1,22.68,2017-12-08 15:47:02,313,5.0,0
1,118.88,2018-06-29 11:58:27,110,1.0,2
1,20.52,2017-03-07 16:02:19,589,5.0,4
1,133.91,2018-08-08 12:55:10,70,5.0,0
2,136.89,2018-03-28 20:52:11,202,5.0,3
1,63.29,2018-05-21 19:12:26,148,5.0,0
2,105.14000000000001,2017-12-21 20:04:26,299,4.5,3
1,72.75999999999999,2018-04-10 23:27:56,189,5.0,0
1,219.63,2017-12-07 07:33:56,314,5.0,0
1,106.38,2017-06-03 11:55:09,501,5.0,4
1,343.5,2017-07-20 23:29:33,453,4.0,2
1,44.089999999999996,2018-02-14 10:20:58,245,3.0,0
1,108.88,2018-05-08 17:02:30,162,5.0,0
1,72.45,2018-01-25 22:07:56,264,5.0,0
1,89.56,2018-04-10 16:02:13,190,3.0,0
1,96.8,2017-11-20 18:06:18,330,5.0,0
1,49.06,2017-01-26 17:48:22,628,4.0,4
1,27.29,2018-05-23 16:12:01,147,5.0,0
1,56.4,2018-08-24 06:58:50,54,5.0,0
1,306.23,2017-08-19 13:14:31,424,5.0,4
1,120.68,2018-08-26 16:19:58,52,5.0,0
1,86.85,2018-01-10 23:12:15,279,3.0,0
1,73.1,2018-08-29 12:25:59,49,1.0,2
1,252.82999999999998,2018-02-04 02:24:39,255,5.0,0
1,286.24,2018-02-15 14:09:43,244,5.0,0
1,65.53,2017-05-18 10:46:47,517,5.0,4
1,96.46000000000001,2018-06-01 20:03:50,137,5.0,0
1,75.77,2017-08-03 08:07:35,440,5.0,4
1,25.29,2018-07-18 01:31:01,91,5.0,0
1,293.4,2018-03-31 17:57:53,199,5.0,0
1,68.43,2018-06-26 18:43:01,112,3.0,0
1,22.34,2018-08-21 12:35:25,57,3.0,0
1,128.19,2018-05-18 15:20:00,152,4.0,0
1,136.04,2017-04-28 12:11:11,537,5.0,4
1,81.01,2017-12-24 19:01:26,296,5.0,0
1,89.67,2018-02-10 12:27:06,249,3.0,0
1,231.41,2018-08-19 19:06:06,58,5.0,0
1,29.34,2017-10-13 20:27:49,368,4.0,0
1,97.79,2018-07-01 15:38:20,108,5.0,0
1,97.78,2017-05-16 11:26:30,519,5.0,4
1,286.2,2018-08-19 11:08:19,59,5.0,0
1,90.28,2018-07-06 16:35:33,103,5.0,0
1,62.78,2017-09-03 15:54:25,409,5.0,0
1,336.99,2018-02-15 22:14:25,243,3.0,0
1,275.68,2018-06-23 10:54:25,116,5.0,0
1,94.21000000000001,2017-09-29 13:14:55,383,4.0,0
1,42.589999999999996,2017-05-17 08:36:11,518,5.0,4
1,130.73000000000002,2018-06-29 00:02:57,110,5.0,0
1,47.59,2018-01-15 09:14:15,275,5.0,0
1,125.88000000000001,2017-03-23 20:39:03,572,5.0,4
1,495.12,2018-01-18 13:08:18,272,1.0,2
1,89.5,2018-03-30 21:44:53,200,3.0,0
1,83.93,2018-03-05 15:23:25,226,4.0,0
1,65.53,2017-07-24 22:28:35,449,1.0,2
1,127.92,2017-05-17 21:50:33,517,4.0,4
1,344.7,2018-04-30 16:19:48,170,1.0,2
1,61.93,2018-03-19 10:34:49,212,4.0,0
1,469.35,2017-12-08 09:38:19,313,1.0,2
1,503.77,2018-07-10 20:11:43,98,5.0,1
1,192.32,2018-08-10 09:09:10,68,4.0,0
1,94.74,2018-06-28 11:08:58,111,5.0,0
1,141.78,2018-08-22 15:14:14,56,5.0,0
1,148.58,2017-09-26 00:32:16,386,4.0,0
1,166.58,2017-09-04 16:13:59,408,3.0,2
1,228.41,2018-04-02 09:35:34,198,5.0,0
1,49.03,2018-06-10 12:32:47,129,4.0,0
1,100.82,2018-01-22 12:26:23,268,5.0,0
1,159.37,2017-12-03 19:40:10,317,2.0,2
1,40.089999999999996,2018-02-19 19:43:38,239,2.0,2
1,76.02,2017-04-25 11:30:33,540,4.0,4
1,170.71,2018-01-26 00:07:55,264,4.0,0
1,165.96,2018-02-27 15:42:55,232,5.0,0
1,134.88,2018-04-22 17:44:50,177,5.0,0
1,189.37,2018-08-26 10:48:04,52,5.0,0
1,53.05,2017-07-09 21:29:36,464,5.0,4
1,80.0,2017-06-06 13:39:18,498,5.0,4
1,55.629999999999995,2018-01-19 00:48:30,271,1.0,2
1,226.06,2018-08-23 11:30:04,55,5.0,0
1,147.04,2018-02-24 21:17:15,234,5.0,0
1,217.84,2017-12-11 10:53:42,310,3.0,0
1,126.4,2017-06-23 18:26:25,480,5.0,4
1,270.46999999999997,2018-07-31 10:29:51,78,5.0,0
1,191.58,2017-05-20 08:41:39,515,5.0,4
1,285.54,2018-01-21 18:44:44,268,1.0,2
1,116.18,2018-08-13 11:15:49,65,5.0,0
1,345.96,2017-08-12 14:10:11,431,1.0,2
1,235.03,2018-06-21 16:05:03,118,5.0,0
1,233.01,2018-05-14 14:16:10,156,4.0,0
1,66.67,2017-11-24 13:41:16,327,5.0,0
1,158.74,2018-07-13 09:40:23,96,5.0,0
2,193.88,2018-05-08 23:46:50,161,5.0,3
1,185.85,2018-01-17 09:23:53,273,5.0,0
1,85.6,2018-01-27 13:49:45,263,4.0,0
1,34.87,2018-07-11 14:38:31,98,3.0,0
1,111.92,2018-05-12 19:33:42,157,4.0,0
1,70.12,2017-05-24 11:20:34,511,5.0,4
1,153.39000000000001,2018-03-07 19:30:10,223,4.0,0
1,275.77,2017-11-13 14:52:21,338,5.0,0
1,363.98,2018-04-23 17:28:09,177,4.0,0
1,98.26,2018-08-27 18:45:54,50,5.0,0
1,126.69,2018-04-27 23:54:54,172,5.0,0
1,52.129999999999995,2018-07-17 17:28:51,92,5.0,0
1,106.87,2018-01-22 09:26:07,268,5.0,0
1,170.17,2017-10-13 11:59:28,369,5.0,0
1,68.53,2018-07-01 13:07:10,108,5.0,0
1,109.69,2018-04-05 20:58:59,194,5.0,0
1,100.33999999999999,2017-11-20 11:00:48,331,4.0,0
1,581.11,2018-01-27 16:44:41,263,4.0,1
1,313.99,2018-06-10 11:00:13,129,1.0,2
1,114.44999999999999,2017-03-23 09:57:53,573,5.0,4
1,127.83999999999999,2018-01-06 10:59:43,284,4.0,0
1,64.0,2017-12-18 21:38:35,302,5.0,0
1,128.25,2018-04-19 11:58:57,181,5.0,0
1,53.9,2018-05-03 13:46:25,167,5.0,0
1,53.989999999999995,2018-02-28 17:53:49,230,5.0,0
1,27.68,2018-02-17 21:56:18,241,4.0,0
1,163.18,2017-04-25 16:33:17,540,5.0,4
1,92.44,2018-03-08 19:20:03,222,3.0,0
1,122.83,2018-08-24 19:42:51,53,5.0,0
1,93.45,2018-03-22 06:29:38,209,5.0,0
1,153.2,2017-11-21 15:31:41,330,5.0,0
1,184.89,2018-05-22 07:41:02,148,4.0,0
1,117.85000000000001,2018-01-16 14:25:52,274,5.0,0
1,43.1,2017-11-24 20:37:06,326,1.0,2
2,524.77,2018-02-24 18:22:14,234,4.5,3
1,103.49000000000001,2018-02-05 14:02:26,254,4.0,0
1,166.41,2018-06-09 14:04:31,130,5.0,0
1,352.76,2017-11-24 20:17:18,326,5.0,0
1,117.76,2018-01-06 23:11:54,283,4.0,0
1,19.060000000000002,2018-06-26 15:41:37,113,5.0,0
1,112.42,2017-02-22 11:24:40,602,4.0,4
1,327.62,2018-02-05 09:38:11,254,1.0,2
1,30.060000000000002,2018-08-17 09:46:01,61,5.0,0
1,72.67,2018-02-12 15:49:38,247,1.0,2
1,107.23,2017-10-13 09:53:16,369,5.0,0
1,177.93,2018-05-18 16:10:12,152,4.0,0
1,63.22,2018-04-12 23:14:53,187,5.0,0
1,61.0,2017-09-16 20:00:17,395,2.0,2
1,70.03,2017-05-25 00:27:30,510,5.0,4
1,109.45,2018-02-18 18:46:28,240,4.0,0
1,21.77,2018-01-29 21:07:31,260,5.0,0
1,185.10000000000002,2018-06-09 09:22:08,130,4.0,0
1,40.1,2017-07-03 18:31:55,470,5.0,4
1,84.16000000000001,2018-05-24 17:51:07,145,4.0,0
1,167.14,2018-04-03 17:58:15,196,1.0,2
1,190.33,2017-07-06 22:28:48,467,5.0,4
1,80.11000000000001,2018-03-05 06:37:22,226,4.0,0
1,278.06,2017-08-25 14:41:08,418,5.0,4
2,528.77,2017-09-08 16:38:17,404,5.0,3
2,504.5,2017-11-06 21:40:01,344,5.0,3
1,108.88,2018-05-11 09:52:07,159,5.0,0
1,52.0,2017-07-22 19:13:58,451,5.0,4
1,166.97,2017-11-26 23:14:40,324,1.0,2
1,92.75999999999999,2017-06-08 18:35:17,495,3.0,2
1,127.92,2018-01-25 01:48:46,265,5.0,0
2,333.15,2017-09-10 22:33:41,401,4.5,3
1,130.0,2017-09-21 14:54:50,391,1.0,2
1,0.0,2017-02-22 12:31:15,602,2.0,2
1,62.43,2017-11-28 12:05:07,323,5.0,0
1,58.09,2017-12-14 18:37:44,306,5.0,0
2,699.31,2018-01-06 12:01:41,284,5.0,3
2,166.32999999999998,2018-05-22 20:08:06,147,4.0,3
1,86.63000000000001,2017-08-02 21:24:37,440,5.0,4
1,223.41,2017-07-09 19:47:15,464,5.0,4
1,160.66,2018-05-07 16:41:46,163,4.0,0
1,87.7,2017-08-10 16:02:23,433,5.0,4
1,160.21,2017-11-19 19:33:09,331,1.0,2
1,418.24,2017-07-14 20:13:42,459,4.0,2
1,65.78,2018-01-02 13:15:21,288,2.0,2
1,123.18,2018-03-28 19:34:07,202,4.0,0
1,155.76,2018-06-30 20:39:53,108,5.0,0
1,111.76,2018-05-01 20:08:06,168,1.0,2
1,84.02,2018-01-02 19:26:43,287,5.0,0
1,83.67999999999999,2018-08-05 08:53:21,73,5.0,0
1,107.78,2017-09-27 22:26:33,384,5.0,0
1,32.0,2018-02-28 21:10:41,230,4.0,0
1,114.96,2017-09-23 10:23:58,389,2.0,2
1,128.26,2018-01-10 10:56:13,280,5.0,0
1,38.18,2018-05-27 14:04:27,143,4.0,0
1,33.34,2017-11-29 11:02:03,322,4.0,0
1,181.05,2018-06-20 19:22:00,118,5.0,0
1,109.91999999999999,2018-07-09 10:16:22,100,5.0,0
1,20.03,2018-02-11 23:27:18,247,4.0,0
1,30.85,2017-12-07 17:47:51,313,4.0,0
1,39.41,2018-08-15 12:09:22,63,5.0,0
1,180.91,2018-04-19 17:33:50,180,5.0,0
1,182.01999999999998,2018-06-06 19:05:45,132,1.0,2
1,151.49,2017-02-24 15:13:02,600,4.0,4
1,174.3,2018-02-15 23:30:37,243,5.0,0
1,63.1,2017-09-03 22:09:54,408,1.0,2
1,54.37,2018-06-13 19:37:12,125,5.0,0
1,69.33,2017-09-30 15:04:50,382,4.0,0
1,107.8,2017-10-16 19:01:58,365,4.0,0
1,155.79,2017-03-26 17:12:37,570,4.0,4
1,51.629999999999995,2017-09-21 11:06:58,391,5.0,0
1,596.27,2017-12-14 12:38:04,307,5.0,1
1,34.69,2018-02-22 18:54:37,236,1.0,2
1,160.79,2017-11-09 00:00:42,342,5.0,0
1,120.32,2017-03-28 21:19:42,567,1.0,2
1,46.75,2018-03-02 16:13:29,229,4.0,0
1,1638.35,2018-06-05 14:38:19,134,1.0,1
1,20.89,2018-08-23 09:51:32,55,1.0,2
2,84.65,2018-05-04 18:09:14,165,4.0,3
1,179.73,2018-08-20 23:52:39,57,3.0,0
1,116.24,2017-11-24 07:10:13,327,3.0,0
1,111.67,2017-06-24 21:57:55,479,5.0,4
1,161.25,2017-05-01 12:56:44,534,3.0,2
1,75.07,2017-08-23 08:26:50,420,5.0,4
1,50.69,2017-07-23 21:11:24,450,5.0,4
1,104.37,2018-02-15 09:39:58,244,3.0,0
1,89.17,2017-10-16 01:21:34,366,3.0,0
1,106.87,2018-02-01 09:11:36,258,4.0,0
1,124.84,2017-01-31 20:16:02,623,4.0,4
1,89.46000000000001,2018-05-15 08:42:18,155,5.0,0
1,72.58,2018-07-20 15:09:26,89,5.0,0
1,65.71000000000001,2017-08-15 19:35:20,427,5.0,4
1,68.35,2018-07-30 16:20:28,79,4.0,0
2,175.26999999999998,2017-10-17 10:10:05,365,5.0,3
1,65.6,2017-11-13 14:19:26,338,5.0,0
1,156.64,2018-07-24 12:22:38,85,5.0,0
1,190.51,2018-02-17 20:52:39,241,5.0,0
1,611.56,2016-10-07 08:28:42,740,5.0,1
1,268.4,2018-04-16 23:42:17,183,2.0,2
1,160.8,2017-03-12 11:15:29,584,4.0,4
1,34.2,2018-08-19 22:02:19,58,5.0,0
1,385.37,2017-10-20 21:51:50,361,5.0,0
1,148.22,2017-10-04 23:49:30,377,5.0,0
2,209.62,2017-09-19 09:22:36,393,4.0,3
1,685.88,2018-08-15 09:57:51,63,5.0,1
1,95.02,2017-07-28 15:56:14,446,4.0,0
1,220.28,2018-04-04 14:35:15,196,5.0,0
1,209.86,2017-12-13 16:22:12,308,4.0,0
1,112.71000000000001,2018-03-26 19:42:54,204,5.0,0
1,69.06,2018-06-24 23:13:35,114,5.0,0
1,109.08000000000001,2018-03-08 11:17:00,223,1.0,2
1,27.509999999999998,2017-03-09 15:40:06,587,5.0,4
1,55.86,2018-06-24 19:31:43,114,5.0,0
1,88.5,2018-08-13 11:51:12,65,3.0,0
1,119.45,2018-03-04 11:22:43,227,1.0,2
1,68.98,2018-08-15 07:41:09,63,5.0,0
1,317.0,2018-06-16 08:33:44,123,1.0,2
1,39.63,2017-12-06 22:07:04,314,5.0,0
1,337.56,2017-12-29 21:00:37,291,5.0,0
1,120.09,2018-02-14 20:22:15,244,5.0,0
1,162.65,2018-02-15 20:59:16,243,4.0,0
1,69.31,2018-04-17 09:30:22,183,5.0,0
1,513.22,2018-05-24 13:27:00,146,5.0,1
1,350.41,2018-08-10 14:31:15,68,5.0,0
1,220.54000000000002,2017-05-18 12:06:46,517,5.0,4
1,40.239999999999995,2018-07-10 12:18:25,99,5.0,0
1,55.980000000000004,2018-01-04 12:52:13,286,4.0,0
1,35.0,2017-09-25 12:27:38,387,3.0,2
1,67.82,2018-02-20 16:21:26,239,3.0,0
1,194.31,2018-05-06 14:28:03,164,5.0,0
1,228.79,2017-05-12 15:30:06,523,5.0,4
1,49.42,2017-01-16 14:24:22,639,4.0,4
1,70.72,2018-01-22 15:54:07,268,5.0,0
1,143.43,2018-02-18 13:54:27,241,5.0,0
1,27.23,2018-04-14 18:14:54,185,5.0,0
1,75.08,2017-12-07 13:02:57,314,5.0,0
1,44.58,2018-07-21 16:04:17,88,5.0,0
1,56.69,2017-09-06 14:39:40,406,4.0,0
1,67.77,2017-06-06 12:35:13,498,5.0,4
1,42.29,2018-03-15 08:16:56,216,5.0,0
1,148.15,2017-05-11 10:01:43,524,5.0,4
1,90.73,2018-08-10 13:36:16,68,1.0,2
1,223.01,2018-05-25 22:00:21,144,5.0,0
1,258.67,2018-08-15 22:18:25,62,5.0,0
1,50.129999999999995,2017-12-21 16:11:33,300,5.0,0
1,258.92,2017-12-04 22:26:52,316,4.0,0
1,88.94999999999999,2018-04-24 23:09:11,175,5.0,0
1,70.97,2018-07-01 09:21:57,108,1.0,2
1,22.78,2018-08-22 22:55:19,55,4.0,0
1,93.3,2018-02-03 20:26:01,255,5.0,0
1,212.95,2017-11-24 12:45:07,327,4.0,0
1,106.87,2017-09-15 15:01:27,397,2.0,2
1,34.089999999999996,2017-11-29 18:04:39,321,3.0,0
1,197.43,2018-04-10 17:11:59,190,1.0,2
1,165.8,2018-02-27 20:03:29,231,1.0,2
1,62.78,2018-04-03 17:41:59,196,5.0,0
1,210.0,2017-08-31 09:24:23,412,5.0,4
1,69.61,2018-01-19 08:02:55,271,1.0,2
1,163.15,2017-07-24 19:48:40,449,5.0,4
1,44.019999999999996,2017-04-28 00:43:40,537,4.0,4
1,56.6,2017-11-24 18:13:02,326,5.0,0
1,88.71,2018-07-04 16:23:59,105,5.0,0
1,290.84,2018-08-22 17:14:07,56,5.0,0
1,51.519999999999996,2018-04-12 01:13:48,188,5.0,0
1,78.84,2017-04-29 18:33:00,535,5.0,4
1,28.0,2017-10-16 14:12:01,366,5.0,0
1,20.689999999999998,2018-03-17 14:27:53,214,5.0,0
1,715.9,2017-07-17 14:07:15,457,4.0,1
1,125.48,2018-05-01 12:45:11,169,3.0,0
1,76.94,2018-05-17 09:41:01,153,5.0,0
1,99.91999999999999,2018-05-12 09:09:31,158,5.0,0
1,28.2,2018-08-22 10:56:54,56,5.0,0
2,73.28,2018-04-14 11:04:35,186,3.0,3
1,876.24,2018-06-18 20:19:21,120,5.0,1
1,88.98,2017-02-23 14:07:48,601,3.0,2
1,148.15,2017-12-04 14:59:26,317,2.0,2
1,78.76,2017-03-08 15:55:56,588,4.0,4
1,30.09,2017-12-15 14:08:08,306,5.0,0
1,3126.5,2017-10-10 14:30:25,372,5.0,1
1,159.53,2018-06-12 15:01:11,127,4.0,0
1,109.5,2017-06-02 12:20:29,502,5.0,4
1,2606.01,2017-04-06 21:07:35,558,4.0,1
1,175.09,2018-06-01 19:16:12,137,5.0,0
1,51.4,2018-06-27 22:41:03,111,5.0,0
1,72.14,2017-10-25 01:33:37,357,5.0,0
1,112.43,2017-11-28 16:44:09,323,5.0,0
1,40.17,2018-08-12 17:49:23,65,4.0,0
1,181.55,2017-10-14 13:49:46,368,5.0,0
1,119.45,2018-02-07 23:55:11,251,4.0,0
1,86.96000000000001,2017-08-05 19:34:53,437,5.0,4
1,123.00999999999999,2017-11-05 19:18:07,345,5.0,0
1,197.02,2017-11-27 22:25:36,323,5.0,0
1,36.69,2018-06-05 16:34:56,134,5.0,0
1,214.04000000000002,2017-12-18 20:14:01,302,5.0,0
1,66.05,2018-06-10 21:13:25,128,5.0,0
1,448.90999999999997,2018-06-19 21:38:16,119,5.0,1
2,44.72,2018-06-04 16:44:48,135,3.0,3
1,162.24,2017-08-16 23:08:59,426,4.0,0
1,1996.32,2017-12-18 12:10:47,303,1.0,1
1,112.94,2017-07-24 15:04:27,450,3.0,2
1,71.35,2018-06-07 14:44:03,132,5.0,0
1,49.510000000000005,2017-03-24 14:01:51,572,5.0,4
1,227.47,2018-04-19 20:47:57,180,5.0,0
1,31.75,2017-09-03 20:39:02,408,5.0,0
1,58.05,2017-01-23 20:45:59,631,5.0,4
1,143.45000000000002,2017-11-25 13:12:09,326,5.0,0
1,195.10000000000002,2017-11-25 23:59:30,325,5.0,0
1,210.68,2018-03-30 17:27:38,201,2.0,2
1,170.48,2018-07-26 08:54:56,83,3.0,0
1,361.2,2018-08-22 11:39:32,56,5.0,0
1,300.73,2018-06-09 15:38:46,130,4.0,0
1,57.1,2017-02-10 00:17:54,614,5.0,4
1,106.44,2017-12-19 23:30:24,301,1.0,2
1,303.10999999999996,2017-04-06 22:22:00,558,5.0,4
1,216.60000000000002,2017-01-17 16:59:30,638,4.0,4
1,118.32,2018-08-18 18:48:25,59,1.0,2
1,126.74,2018-05-21 18:04:00,148,3.0,0
1,54.79,2017-06-30 13:00:42,474,1.0,2
1,83.5,2017-11-21 13:59:25,330,4.0,0
1,190.91000000000003,2018-05-15 16:46:45,155,5.0,0
1,101.71000000000001,2017-04-01 18:33:06,563,4.0,4
1,400.65999999999997,2018-07-04 15:29:33,105,3.0,0
1,112.81,2017-10-24 14:52:16,358,5.0,0
1,312.4,2018-02-06 13:17:18,253,3.0,0
1,222.82,2018-05-24 11:53:29,146,4.0,0
1,54.16,2018-07-14 22:33:28,94,3.0,0
1,87.16,2018-04-13 06:41:04,187,5.0,0
1,33.75,2017-12-04 18:32:03,316,1.0,2
1,118.38,2017-09-30 18:33:56,381,5.0,0
1,47.38,2018-05-17 16:36:30,153,4.0,0
1,41.78,2017-12-29 02:14:21,292,5.0,0
1,912.79,2017-05-11 14:52:11,524,5.0,1
1,54.17,2017-10-03 21:46:26,378,4.0,0
1,65.45,2018-08-03 18:43:40,74,5.0,0
2,150.14,2017-12-04 09:56:29,317,2.0,3
1,228.58,2018-04-27 17:01:12,173,5.0,0
1,231.17000000000002,2018-07-21 13:15:46,88,5.0,0
1,40.86,2017-06-25 13:54:11,479,5.0,4
1,149.09,2017-04-10 10:46:18,555,5.0,4
1,56.34,2018-07-21 12:52:54,88,5.0,0
1,41.839999999999996,2017-12-25 12:40:57,296,5.0,0
1,100.58000000000001,2018-05-09 11:56:23,161,3.0,0
1,98.44,2017-02-05 02:16:12,619,5.0,4
1,103.12,2018-06-24 17:56:42,114,5.0,0
1,197.21999999999997,2018-02-28 10:21:56,231,1.0,2
1,117.57,2018-03-18 08:43:28,213,4.0,0
1,45.0,2018-02-04 20:43:44,254,5.0,0
1,220.03,2018-05-11 08:27:06,159,4.0,0
1,37.93,2017-02-14 10:55:36,610,1.0,2
1,33.519999999999996,2016-10-10 17:49:21,736,3.0,4
1,124.76,2018-03-18 15:06:38,213,5.0,0
1,105.63,2018-03-27 09:49:57,204,3.0,0
1,102.46,2017-07-26 16:04:07,448,5.0,4
1,115.33000000000001,2017-02-24 13:11:57,600,3.0,2
1,74.49,2017-04-27 22:01:14,537,1.0,2
1,111.89,2018-01-06 17:04:10,284,5.0,0
1,506.7,2017-09-16 14:01:00,396,5.0,1
1,68.13,2017-09-26 13:37:36,386,5.0,0
1,73.34,2017-09-30 19:45:40,381,5.0,0
1,93.0,2018-05-15 10:57:36,155,4.0,0
1,58.16,2018-03-23 22:45:52,207,5.0,0
1,153.13,2018-01-22 17:31:43,267,1.0,2
1,102.97,2018-02-09 18:03:13,249,4.0,0
1,53.1,2017-08-05 18:36:12,437,4.0,0
1,234.49,2017-08-24 02:38:05,419,1.0,2
1,341.08000000000004,2017-11-18 12:08:37,333,5.0,0
1,138.68,2018-05-14 14:53:51,156,5.0,0
1,36.769999999999996,2017-10-22 17:26:41,360,5.0,0
2,233.34,2018-05-03 12:27:37,167,5.0,3
1,59.459999999999994,2018-05-14 09:17:04,156,4.0,0
1,26.99,2017-07-12 23:57:42,461,2.0,2
1,74.5,2017-12-13 13:32:27,308,4.0,0
1,42.36,2018-06-18 23:25:55,120,5.0,0
1,74.05,2017-06-27 11:28:59,477,5.0,4
1,166.54,2017-11-29 23:45:13,321,1.0,2
1,175.04000000000002,2018-05-14 08:18:21,156,4.0,0
1,58.129999999999995,2018-04-27 21:25:00,172,4.0,0
1,74.16,2017-07-18 16:55:05,456,1.0,2
1,71.78999999999999,2017-10-31 15:17:43,351,3.0,0
1,22.29,2018-08-13 07:14:52,65,5.0,0
1,314.40999999999997,2017-03-28 11:26:02,568,3.0,2
1,246.04,2018-02-03 18:35:57,255,5.0,0
1,91.75999999999999,2018-03-04 11:30:27,227,5.0,0
1,52.57,2018-08-17 01:06:00,61,5.0,0
1,62.17,2017-07-11 09:31:56,463,5.0,4
1,40.089999999999996,2017-09-11 14:00:09,401,5.0,0
1,168.92000000000002,2018-08-18 15:28:51,60,5.0,0
1,221.31,2018-04-10 19:46:58,189,5.0,0
1,190.33,2017-12-02 21:24:09,318,1.0,2
2,169.65,2018-03-21 09:40:36,210,5.0,3
1,57.39,2018-08-17 18:21:02,60,3.0,0
1,223.84,2017-09-21 21:02:09,390,5.0,4
1,328.41999999999996,2017-04-11 21:58:16,553,5.0,4
1,160.21,2017-05-30 08:51:58,505,5.0,4
1,97.78,2018-08-10 09:08:46,68,4.0,0
1,34.29,2017-11-15 14:05:35,336,3.0,0
1,38.95,2018-04-29 10:53:11,171,4.0,0
1,99.9,2018-05-09 15:49:46,161,4.0,0
1,109.67999999999999,2017-02-04 19:47:02,619,5.0,4
1,57.800000000000004,2017-06-05 21:45:25,498,5.0,4
1,54.08,2017-11-10 13:46:55,341,4.0,0
1,265.92,2017-03-19 22:53:47,576,5.0,4
1,105.28,2017-06-24 16:35:50,480,1.0,2
1,222.14000000000001,2018-01-28 18:40:36,261,5.0,0
1,57.0,2017-07-20 19:15:31,453,5.0,4
1,299.76000000000005,2018-05-16 19:57:42,153,5.0,0
1,66.78,2017-11-15 10:43:50,336,1.0,2
1,150.6,2018-04-26 13:51:23,174,4.0,0
1,475.84000000000003,2017-10-10 20:04:58,371,5.0,1
1,57.5,2017-07-08 19:58:18,465,4.0,0
1,164.79000000000002,2018-03-30 21:23:47,200,2.0,2
1,199.07,2018-08-22 13:05:05,56,5.0,0
1,95.42999999999999,2018-04-11 17:15:45,189,5.0,0
1,63.59,2018-01-21 21:10:44,268,5.0,0
1,88.89,2018-03-22 12:42:36,209,5.0,0
1,81.95,2018-08-21 12:21:04,57,1.0,2
1,109.49,2017-02-22 14:08:00,602,5.0,4
1,55.62,2018-01-25 10:08:54,265,5.0,0
1,112.53,2017-06-19 10:06:35,485,5.0,4
1,145.69,2018-04-21 14:21:53,179,1.0,2
1,156.24,2018-01-29 14:31:08,261,5.0,0
1,2564.65,2018-05-19 14:00:29,151,5.0,1
1,106.9,2018-04-22 23:54:37,177,5.0,0
1,98.38,2018-04-25 16:28:05,175,5.0,0
1,147.97,2018-02-11 11:23:29,248,5.0,0
1,208.2,2018-06-02 00:35:51,137,1.0,2
1,45.0,2017-11-29 13:52:27,322,3.0,0
1,34.0,2018-02-14 17:07:41,245,5.0,0
2,250.07999999999998,2018-07-11 00:47:20,98,5.0,3
1,172.01,2018-01-22 08:45:18,268,2.0,2
1,103.24000000000001,2018-08-19 20:54:41,58,5.0,0
1,137.07999999999998,2017-12-11 23:00:15,309,1.0,2
1,157.07,2018-06-26 22:38:13,112,2.0,2
1,312.60999999999996,2017-11-24 23:15:52,326,1.0,2
1,117.96,2018-05-18 19:17:14,151,4.0,0
1,175.65,2018-02-22 22:58:02,236,5.0,0
1,43.62,2017-05-23 19:02:00,511,4.0,4
1,32.379999999999995,2017-11-13 18:10:59,337,5.0,0
1,53.53,2018-07-23 14:27:37,86,5.0,0
1,1318.0600000000002,2018-08-20 19:09:20,57,5.0,1
1,180.51,2017-08-23 16:17:41,420,5.0,4
1,44.34,2017-09-19 17:41:41,392,5.0,0
1,92.57,2017-12-13 12:18:06,308,3.0,0
1,37.69,2018-04-18 10:52:22,182,3.0,0
1,114.53,2018-03-27 19:22:57,203,4.0,0
1,60.49,2017-03-12 18:57:31,583,5.0,4
1,522.74,2018-05-28 11:40:49,142,5.0,1
2,553.8,2018-08-07 20:49:21,70,4.0,3
1,120.09,2017-06-19 17:32:59,484,3.0,2
1,105.68,2018-04-09 09:59:54,191,5.0,0
1,279.2,2017-04-18 11:43:48,547,5.0,4
1,411.21,2017-11-20 13:05:07,331,1.0,2
1,140.68,2018-03-21 13:01:05,210,4.0,0
1,368.78999999999996,2017-07-22 13:08:11,452,5.0,4
1,305.51,2018-02-27 07:37:02,232,5.0,0
1,31.12,2018-08-14 20:56:45,63,5.0,0
1,47.68,2017-06-04 20:07:02,499,5.0,4
1,37.89,2018-06-17 18:20:59,121,5.0,0
1,50.69,2017-07-28 13:55:46,446,5.0,4
1,46.9,2017-05-20 11:37:34,515,4.0,4
1,90.88000000000001,2017-12-01 19:50:54,319,5.0,0
1,71.72,2017-06-11 20:29:56,492,1.0,2
1,58.839999999999996,2017-08-01 15:17:33,442,1.0,2
1,57.68,2018-02-20 17:13:20,239,4.0,0
1,212.85,2018-08-18 12:25:09,60,5.0,0
1,105.38000000000001,2018-06-02 15:50:34,137,5.0,0
1,33.51,2017-02-19 13:29:04,605,5.0,4
1,168.61,2017-09-05 08:03:15,407,4.0,0
1,32.769999999999996,2018-01-02 20:24:12,287,5.0,0
1,43.959999999999994,2018-05-11 10:00:20,159,5.0,0
1,94.28999999999999,2017-09-01 18:32:18,410,4.0,0
1,251.94,2018-05-11 14:47:16,159,5.0,0
2,484.29999999999995,2017-04-29 21:36:17,535,2.0,3
2,407.56,2017-12-06 22:24:22,314,5.0,3
1,73.07,2017-05-08 12:01:54,527,5.0,4
1,90.0,2017-05-17 23:17:29,517,5.0,4
1,114.74,2017-12-06 09:34:22,315,5.0,0
1,28.259999999999998,2017-09-06 12:45:46,406,3.0,2
1,90.88000000000001,2018-01-08 12:57:12,282,4.0,0
1,122.97,2017-08-17 18:21:17,425,5.0,0
1,229.74,2018-08-07 16:33:58,71,1.0,2
1,71.75,2018-04-20 13:18:46,180,5.0,0
1,92.87,2017-11-04 17:46:25,346,5.0,0
1,93.91,2018-03-16 13:15:12,215,1.0,2
1,105.87,2018-06-24 13:38:45,115,5.0,0
1,86.9,2018-04-20 19:44:27,179,3.0,0
1,25.7,2018-01-04 22:43:33,285,5.0,0
1,42.22,2018-04-10 16:46:48,190,3.0,0
1,49.589999999999996,2017-11-05 21:59:14,345,5.0,0
1,50.22,2018-03-20 18:30:37,210,5.0,0
1,155.98,2018-04-08 21:32:43,191,3.0,0
1,129.54,2018-03-17 10:46:13,214,1.0,2
1,27.22,2018-08-16 22:57:11,61,5.0,0
1,187.06,2018-04-08 16:22:04,192,4.0,0
1,68.43,2018-06-14 00:13:09,125,5.0,0
1,38.22,2017-04-19 12:38:31,546,1.0,2
1,56.03,2018-05-17 16:56:01,153,5.0,0
1,85.22999999999999,2017-12-16 09:58:50,305,5.0,0
1,76.56,2018-05-08 11:47:11,162,5.0,0
1,40.58,2018-07-29 11:51:43,80,5.0,0
1,168.75,2018-07-24 10:41:56,85,5.0,0
1,89.08000000000001,2018-05-12 12:40:16,158,3.0,0
1,104.10000000000001,2017-11-17 00:23:41,334,4.0,0
1,265.4,2018-04-11 22:08:44,188,4.0,0
1,162.06,2018-01-22 11:56:36,268,4.0,0
1,115.53999999999999,2018-08-04 12:12:10,74,5.0,0
1,92.57,2017-11-03 12:53:40,348,5.0,0
1,154.81,2018-05-10 21:09:03,159,5.0,0
1,72.64,2018-08-07 13:40:51,71,5.0,0
1,122.41,2018-08-16 08:17:15,62,5.0,0
1,31.93,2017-03-28 15:42:13,568,5.0,4
1,54.62,2017-08-19 11:13:08,424,5.0,4
1,214.73000000000002,2018-08-08 14:58:33,70,5.0,0
1,106.19,2017-10-25 12:46:59,357,3.0,0
1,335.47,2017-12-11 09:27:40,310,4.0,0
1,284.71,2017-04-12 21:33:04,552,4.0,4
1,620.8199999999999,2017-08-12 16:59:16,431,5.0,1
1,95.32000000000001,2018-05-22 15:14:41,148,5.0,0
1,121.96,2017-05-15 09:38:12,520,5.0,4
1,318.87,2017-11-19 02:23:45,332,5.0,0
1,153.32,2017-12-03 08:29:56,318,3.0,0
1,122.98,2017-06-01 11:59:38,503,4.0,4
1,178.49,2018-01-16 22:31:01,273,5.0,0
1,113.34,2017-10-15 10:56:27,367,3.0,0
1,101.10000000000001,2018-07-16 19:42:34,92,3.0,0
1,58.269999999999996,2017-05-14 11:01:33,521,4.0,4
1,116.36000000000001,2017-11-19 18:09:45,331,5.0,0
1,46.0,2018-01-13 22:36:03,276,5.0,0
1,116.67,2018-06-02 11:33:43,137,5.0,0
1,144.99,2018-06-25 23:18:46,113,5.0,0
2,305.76,2018-01-31 23:38:14,258,5.0,3
1,50.85,2018-02-08 10:08:50,251,1.0,2
1,247.99,2018-07-30 22:26:01,78,5.0,0
1,88.87,2018-05-14 11:29:01,156,4.0,0
2,1395.76,2017-10-28 20:52:15,353,3.5,3
1,113.26,2018-06-18 15:05:58,121,5.0,0
1,35.0,2017-11-26 19:13:20,324,3.0,0
1,101.07,2017-11-14 12:43:37,337,5.0,0
1,51.53,2018-02-03 23:17:59,255,5.0,0
1,182.91,2018-01-15 13:54:01,275,5.0,0
1,72.66,2017-11-15 13:42:58,336,4.0,0
1,130.24,2018-06-18 15:51:10,121,5.0,0
1,76.74,2018-07-22 14:04:41,87,5.0,0
1,139.17000000000002,2018-04-11 15:49:16,189,1.0,2
1,97.87,2017-11-09 21:08:01,341,5.0,0
1,27.75,2017-11-29 20:43:48,321,1.0,2
1,36.35,2017-12-20 16:06:05,301,5.0,0
1,163.79,2018-01-31 13:36:25,259,5.0,0
1,81.89,2017-05-25 07:14:09,510,3.0,2
1,318.14,2018-06-13 11:43:43,126,5.0,0
1,31.78,2017-08-25 23:02:45,417,3.0,2
1,105.36999999999999,2017-09-04 14:44:43,408,5.0,0
1,140.76,2018-07-27 15:27:42,82,3.0,0
1,517.7,2018-06-22 18:47:50,116,5.0,1
1,73.61,2018-08-21 19:49:42,56,5.0,0
1,126.19,2018-06-18 15:57:14,121,5.0,0
1,312.34000000000003,2018-08-09 08:16:06,69,5.0,0
1,125.88000000000001,2017-11-15 12:07:16,336,5.0,0
1,60.85,2018-01-08 12:15:21,282,5.0,0
1,107.68,2018-05-12 13:15:50,158,4.0,0
1,54.08,2017-08-27 11:04:24,416,5.0,0
1,124.51,2018-03-01 17:43:18,229,4.0,0
1,99.23,2017-11-07 20:03:20,343,5.0,0
1,33.11,2017-06-20 15:02:30,484,5.0,4
1,192.67000000000002,2018-02-26 11:08:05,233,1.0,2
1,91.19,2018-03-25 22:33:39,205,5.0,0
1,157.32,2017-09-21 20:33:31,390,5.0,0
1,90.73,2018-08-14 10:20:28,64,5.0,0
1,101.73,2017-11-24 09:03:47,327,5.0,0
1,116.94,2018-01-14 17:28:18,276,4.0,0
1,202.76,2018-05-08 14:16:20,162,5.0,0
1,183.26,2018-07-06 12:31:52,103,1.0,2
1,278.64,2018-06-06 10:11:20,133,5.0,0
1,59.18,2018-08-17 00:07:40,61,1.0,2
1,753.9399999999999,2017-11-24 16:56:46,327,5.0,1
1,51.19,2018-05-16 13:47:44,154,5.0,0
1,54.28,2018-01-24 04:17:11,266,4.0,0
1,102.49,2018-06-28 00:18:45,111,5.0,0
2,81.68,2018-05-07 22:14:31,162,4.0,3
1,85.22999999999999,2018-01-01 21:11:00,288,1.0,2
1,70.3,2017-03-16 21:56:12,579,5.0,4
1,58.029999999999994,2018-03-14 10:17:09,217,5.0,0
1,78.86,2017-10-15 14:58:12,367,1.0,2
1,36.28,2017-09-01 10:50:42,411,3.0,2
1,38.01,2018-01-09 18:39:03,280,5.0,0
1,113.04,2018-04-03 09:47:49,197,4.0,0
1,45.0,2017-07-28 14:22:59,446,5.0,4
1,384.80999999999995,2017-06-08 18:13:24,495,5.0,4
1,442.26,2018-01-16 12:13:23,274,5.0,0
1,102.64,2018-01-14 17:07:32,276,4.0,0
1,72.78999999999999,2017-11-07 17:47:14,343,3.0,0
1,155.72,2017-12-07 16:47:57,314,1.0,2
1,76.3,2017-04-24 22:19:46,540,5.0,4
1,68.87,2018-04-07 23:57:34,192,5.0,0
1,270.55,2018-06-02 01:56:40,137,1.0,2
1,58.620000000000005,2017-11-08 19:49:12,342,1.0,2
1,1032.36,2017-08-31 12:29:34,412,5.0,1
1,247.31,2017-03-20 09:28:05,576,5.0,4
1,167.92,2018-04-20 19:51:52,179,5.0,0
1,240.31,2018-08-10 12:12:07,68,5.0,0
1,29.23,2018-05-16 10:10:32,154,5.0,0
1,90.17,2018-02-10 09:07:01,249,5.0,0
1,81.36,2018-02-13 19:29:31,245,5.0,0
1,124.85,2018-03-17 16:20:34,214,5.0,0
1,78.18,2018-07-23 00:37:29,86,5.0,0
1,43.269999999999996,2018-08-19 23:51:06,58,4.0,0
1,42.69,2018-03-22 16:43:27,209,4.0,0
1,272.58,2017-12-07 11:56:06,314,5.0,0
1,52.519999999999996,2017-03-18 11:12:46,578,5.0,4
1,86.06,2018-08-03 15:43:19,75,5.0,0
1,208.81,2018-05-07 21:44:50,162,5.0,0
1,369.78,2017-01-25 01:29:42,630,5.0,4
1,484.02,2017-05-18 07:58:46,517,5.0,1
1,61.620000000000005,2017-10-07 13:04:01,375,5.0,0
1,186.01,2018-04-07 12:16:55,193,1.0,2
1,96.3,2017-05-23 13:51:12,512,5.0,4
1,118.35,2018-08-20 15:46:41,58,4.0,0
2,291.46000000000004,2018-08-04 15:45:19,74,4.0,3
1,59.84,2018-04-29 10:10:04,171,2.0,2
2,718.49,2018-01-24 19:08:37,265,3.0,3
1,136.96,2018-07-28 13:47:35,81,5.0,0
1,69.24,2017-09-10 22:42:54,401,5.0,0
1,105.28,2017-07-12 16:52:42,462,5.0,4
1,62.06,2018-05-09 13:01:24,161,5.0,0
2,157.35,2017-12-18 11:28:52,303,5.0,3
1,73.09,2017-07-24 09:54:54,450,5.0,4
1,100.67,2018-08-10 17:26:05,68,5.0,0
